symbol,nama,yield_ttm,payout_ratio,kapitalisasi_pasar,daftar
MLPT,PT Multipolar Technology Tbk,0.00531343298764964,16.9095692403093,,payout>100%
TRUS,Trust Finance Indonesia Tbk,0.137614678899083,6.26321108656099,,payout>100%
CTBN,Citra Tubindo Tbk,0.157094594594595,4.58532552591763,,payout>100%
APLI,Asiaplast Industries Tbk,0.15838129057301,4.11502785751255,,payout>100%
KKGI,Resource Alam Indonesia Tbk,0.170138888888889,3.96566522540386,,payout>100%
ROTI,PT Nippon Indosari Corpindo Tbk,0.141663718434562,2.59394745331676,,payout>100%
RAJA,Rukun Raharja Tbk,0.0687022900763359,2.06862338936549,,payout>100%
ATLA,PT Atlantis Subsea Indonesia Tbk,0.0152582316785245,1.88484824333677,,payout>100%
CNMA,PT Nusantara Sejahtera Raya Tbk,0.133333333333333,1.69733096931337,,payout>100%
TEBE,PT Dana Brata Luhur Tbk,0.0666666666666667,1.60216193234316,,payout>100%
ACRO,PT Samcro Hyosung Adilestari Tbk.,0.0638775533559371,1.42220497816265,,payout>100%
EAST,PT Eastparc Hotel Tbk,0.128089883354273,1.41955992484468,,payout>100%
GHON,PT Gihon Telekomunikasi Indonesia Tbk,0.109538461538462,1.40373442394274,,payout>100%
MPMX,PT Mitra Pinasthika Mustika Tbk,0.167487684729064,1.36512485808981,,payout>100%
SGRO,PT Prime Agri Resources Tbk,0.044988344988345,1.34726593726948,,payout>100%
BESS,PT Batulicin Nusantara Maritim Tbk.,0.00562580662388955,1.34271503778749,,payout>100%
BSSR,Baramulti Suksessarana Tbk,0.154125526533698,1.30371125980817,,payout>100%
RALS,Ramayana Lestari Sentosa Tbk,0.130890052356021,1.27886506557694,,payout>100%
TLKM,PT Telkom Indonesia (Persero) Tbk,0.0941628178463706,1.265697869291,,payout>100%
BOLT,PT Garuda Metalindo Tbk.,0.0967741935483871,1.26270857093105,,payout>100%
BBLD,Buana Finance Tbk,0.00378787878787879,1.22637559910581,,payout>100%
MEGA,Bank Mega Tbk,0.0881781005859375,1.22121275619982,,payout>100%
META,Nusantara Infrastructure Tbk,0.0220588235294118,1.20186490534832,,payout>100%
SIDO,PT Industri Jamu Dan Farmasi Sido Muncul Tbk,0.10632183908046,1.14826749922272,,payout>100%
PSAB,J Resources Asia Pasifik Tbk,0.252336448598131,1.14497440813795,,payout>100%
CMRY,PT Cisarua Mountain Dairy Tbk,0.069284064665127,1.12426169115928,,payout>100%
ASGR,Astra Graphia Tbk,0.108558558558559,1.07329294897086,,payout>100%
DMMX,PT Digital Mediatama Maxima Tbk,0.0329341317365269,1.06475902851809,,payout>100%
DUTI,Duta Pertiwi Tbk,0.102127659574468,1.05972812244375,,payout>100%
MARK,PT Mark Dynamics Indonesia Tbk,0.0756302521008403,1.01632052771561,,payout>100%
CITA,Cita Mineral Investindo Tbk,0.105405405405405,1.0130383697069,,payout>100%
PSAB,J Resources Asia Pasifik Tbk,0.252336448598131,,14156100000000,yield tertinggi
KKGI,Resource Alam Indonesia Tbk,0.170138888888889,,1440000000000,yield tertinggi
MPMX,PT Mitra Pinasthika Mustika Tbk,0.167487684729064,,4452767725140,yield tertinggi
LPPF,PT MDS Retailing Tbk,0.158730158730159,,3507964866000,yield tertinggi
APLI,Asiaplast Industries Tbk,0.15838129057301,,378822649200,yield tertinggi
CTBN,Citra Tubindo Tbk,0.157094594594595,,2369099640000,yield tertinggi
BSSR,Baramulti Suksessarana Tbk,0.154125526533698,,14194512500000,yield tertinggi
PANS,Panin Sekuritas Tbk,0.150602409638554,,1195200000000,yield tertinggi
ROTI,PT Nippon Indosari Corpindo Tbk,0.141663718434562,,3495366221720,yield tertinggi
CFIN,Clipan Finance Indonesia Tbk,0.141242937853107,,1410520241778,yield tertinggi
TRUS,Trust Finance Indonesia Tbk,0.137614678899083,,348800000000,yield tertinggi
DKFT,Central Omega Resources Tbk,0.136363636363636,,3721242756000,yield tertinggi
BMRI,PT Bank Mandiri (Persero) Tbk,0.134728761583049,,372371999983880,yield tertinggi
CNMA,PT Nusantara Sejahtera Raya Tbk,0.133333333333333,,7501050000000,yield tertinggi
RALS,Ramayana Lestari Sentosa Tbk,0.130890052356021,,2710672000000,yield tertinggi
EAST,PT Eastparc Hotel Tbk,0.128089883354273,,367250074904,yield tertinggi
UNVR,Unilever Indonesia Tbk,0.122935779816514,,62375250000000,yield tertinggi
SPTO,PT Surya Pertiwi Tbk,0.115702479338843,,1633500000000,yield tertinggi
BJBR,Bank Pembangunan Daerah Jawa Barat dan Banten Tbk,0.112552632783589,,7916334229240,yield tertinggi
UNIC,Unggul Indah Cahaya Tbk,0.110984974958264,,5740387160925,yield tertinggi
BJTM,Bank Pembangunan Daerah Jawa Timur Tbk,0.109941745498805,,7655651697015,yield tertinggi
GHON,PT Gihon Telekomunikasi Indonesia Tbk,0.109538461538462,,893750000000,yield tertinggi
BBRI,PT Bank Rakyat Indonesia (Persero) Tbk,0.109148264984227,,475637614730790,yield tertinggi
ASGR,Astra Graphia Tbk,0.108558558558559,,2994292710000,yield tertinggi
CLPI,Colorpak Indonesia Tbk,0.107238990255872,,487078215000,yield tertinggi
SIDO,PT Industri Jamu Dan Farmasi Sido Muncul Tbk,0.10632183908046,,10440000000000,yield tertinggi
BIRD,PT Blue Bird Tbk,0.105732484076433,,3928297000000,yield tertinggi
CITA,Cita Mineral Investindo Tbk,0.105405405405405,,13188002962500,yield tertinggi
LPIN,Multi Prima Sejahtera Tbk,0.104651162790698,,182750000000,yield tertinggi
IPCC,PT Indonesia Kendaraan Terminal Tbk,0.104493522644043,,1963855605600,yield tertinggi
DLTA,Delta Djakarta Tbk,0.102549575070822,,1413163223250,yield tertinggi
DUTI,Duta Pertiwi Tbk,0.102127659574468,,8695000000000,yield tertinggi
PBID,PT Panca Budi Idaman Tbk,0.101923076923077,,3900000000000,yield tertinggi
TBLA,Tunas Baru Lampung Tbk,0.100840336134454,,3585097156340,yield tertinggi
BOLT,PT Garuda Metalindo Tbk.,0.0967741935483871,,1816406250000,yield tertinggi
TOTO,Surya Toto Indonesia Tbk,0.0958333333333333,,2476800000000,yield tertinggi
TLKM,PT Telkom Indonesia (Persero) Tbk,0.0941628178463706,,234777453342000,yield tertinggi
ACES,PT Aspirasi Hidup Indonesia Tbk,0.0935964863202725,,5855173277400,yield tertinggi
BNGA,PT Bank CIMB Niaga Tbk,0.0935086729898618,,43061055946320,yield tertinggi
MSTI,PT Mastersystem Infotama Tbk,0.091044776119403,,4206817708000,yield tertinggi
TLDN,PT Teladan Prima Agro Tbk,0.0910084059258469,,7703185469000,yield tertinggi
BTPS,PT Bank BTPN Syariah Tbk.,0.0906878274584573,,7207196535000,yield tertinggi
DMAS,PT Puradelta Lestari Tbk,0.0901639344262295,,8820254331300,yield tertinggi
ESSA,ESSA Industries Indonesia Tbk,0.0896551724137931,,9991645906000,yield tertinggi
AMOR,PT Ashmore Asset Management Indonesia Tbk.,0.0894886363636364,,782222284800,yield tertinggi
HMSP,HM Sampoerna Tbk,0.0893650781540644,,73280388447000,yield tertinggi
MEGA,Bank Mega Tbk,0.0881781005859375,,45331705110900,yield tertinggi
SMSM,Selamat Sempurna Tbk,0.0865671641791045,,9645781362000,yield tertinggi
ARNA,Arwana Citramulia Tbk,0.0857142857142857,,3854251262400,yield tertinggi
ASSA,Adi Sarana Armada Tbk,0.0840336134453782,,2196226822615,yield tertinggi
IPCM,PT Jasa Armada Indonesia Tbk,0.0836267605633803,,1500886352400,yield tertinggi
MLBI,Multi Bintang Indonesia Tbk,0.0834200743494424,,14169575000000,yield tertinggi
ASII,Astra International Tbk,0.0829787234042553,,190272699758000,yield tertinggi
MAIN,Malindo Feedmill Tbk,0.0825396825396825,,1410412500000,yield tertinggi
IKBI,Sumi Indo Kabel Tbk,0.0820555580986871,,660960000000,yield tertinggi
AXIO,PT Tera Data Indonusa Tbk,0.0803571428571429,,654094168000,yield tertinggi
POWR,PT Cikarang Listrindo Tbk,0.0801440197488536,,14800183520000,yield tertinggi
GGRP,PT Gunung Raja Paksi Tbk,0.08,,4238981654950,yield tertinggi
PBSA,PT Paramita Bangun Sarana Tbk,0.08,,2250000000000,yield tertinggi
SSMS,PT Sawit Sumbermas Sarana Tbk,0.078863847759408,,10144125000000,yield tertinggi
MCOL,PT Prima Andalan Mandiri Tbk,0.0779944289693593,,12764460400000,yield tertinggi
BAYU,Bayu Buana Tbk,0.0778210116731518,,453888702300,yield tertinggi
AMAG,Asuransi Multi Artha Guna Tbk,0.077720207253886,,1930599271176,yield tertinggi
ADMF,Adira Dinamika Multi Finance Tbk,0.0763636363636364,,10195375649250,yield tertinggi
MARK,PT Mark Dynamics Indonesia Tbk,0.0756302521008403,,4522000368900,yield tertinggi
PANR,Panorama Sentrawisata Tbk,0.0753768844221105,,552225000000,yield tertinggi
DRMA,PT Dharma Polimetal Tbk,0.0752688172043011,,4376470539000,yield tertinggi
MERK,Merck Tbk,0.0745257452574526,,1653120000000,yield tertinggi
CINT,PT Chitose Internasional Tbk,0.072513158697831,,190000000000,yield tertinggi
TOTL,Total Bangun Persada Tbk,0.0716612377850163,,5234350000000,yield tertinggi
WIIM,Wismilak Inti Makmur Tbk,0.0698327769403872,,3139311271200,yield tertinggi
AKRA,PT AKR Corporindo Tbk.,0.0696864111498258,,28805436051000,yield tertinggi
AUTO,Astra Otoparts Tbk,0.0693939393939394,,15905118900000,yield tertinggi
CMRY,PT Cisarua Mountain Dairy Tbk,0.069284064665127,,34357177390000,yield tertinggi
AVIA,PT Avia Avian Tbk,0.0692771084337349,,20568580459200,yield tertinggi
CEKA,PT Wilmar Cahaya Indonesia Tbk.,0.0688073394495413,,1297100000000,yield tertinggi
RAJA,Rukun Raharja Tbk,0.0687022900763359,,13843695187500,yield tertinggi
JPFA,JAPFA Comfeed Indonesia Tbk,0.0679611650485437,,24156744914060,yield tertinggi
EXCL,PT XLSMART Telecom Sejahtera Tbk,0.0670886075949367,,43133674008870,yield tertinggi
TEBE,PT Dana Brata Luhur Tbk,0.0666666666666667,,3006900000000,yield tertinggi
CTRA,Ciputra Development Tbk,0.0666666666666667,,10009275437700,yield tertinggi
DVLA,Darya-Varia Laboratoria Tbk,0.0664556962025316,,1769600000000,yield tertinggi
ANTM,Aneka Tambang Tbk.,0.0664521084556097,,75937216531000,yield tertinggi
TUGU,PT Asuransi Tugu Pratama Indonesia Tbk,0.0662197087774214,,5368919156000,yield tertinggi
UNTR,United Tractors Tbk,0.0660575968222443,,93906152048800,yield tertinggi
ELSA,Elnusa Tbk,0.0646569356431056,,4999472500000,yield tertinggi
TGKA,Tigaraksa Satria Tbk,0.0645491803278689,,4482244620000,yield tertinggi
ULTJ,PT Ultrajaya Milk Industry & Trading Company Tbk,0.0643564356435644,,21004313904000,yield tertinggi
ACRO,PT Samcro Hyosung Adilestari Tbk.,0.0638775533559371,,169997931313,yield tertinggi
ASDM,Asuransi Dayin Mitra Tbk,0.0633663366336634,,193920000000,yield tertinggi
BBCA,PT Bank Central Asia Tbk.,0.0619512195121951,,750560141925000,yield tertinggi
MDLA,PT Medela Potentia Tbk,0.0617647077523026,,2858616300000,yield tertinggi
PLIN,Plaza Indonesia Realty Tbk,0.0617529880478088,,8910500000000,yield tertinggi
PNGO,PT Pinago Utama Tbk,0.0607734806629834,,2828125000000,yield tertinggi
WEHA,PT WEHA Transportasi Indonesia Tbk,0.0594059405940594,,147516036719,yield tertinggi
TRIS,Trisula International Tbk,0.0589080025168026,,534045451270,yield tertinggi
KBLI,KMI Wire and Cable Tbk,0.0588235294117647,,1362459936380,yield tertinggi
ADRO,Alamtri Resources Indonesia Tbk,0.058761133356133,,71137220674000,yield tertinggi
BLOG,PT Trimitra Trans Persada Tbk,0.058659217877095,,1209856417600,yield tertinggi
JECC,Jembo Cable Company Tbk,0.0583941605839416,,517860000000,yield tertinggi
