grup,tahun,bulan,nilai_usd,berat_kg,harga_satuan_usd_per_ton
batubara,2023,1,4223233546.26,36735318637.0,114.96
batubara,2023,2,3942020205.08,38538437244.0,102.29
batubara,2023,3,4524044356.88,49626618007.0,91.16
batubara,2023,4,3963708703.45,43591454899.0,90.93
batubara,2023,5,3774298061.39,43407808377.0,86.95
batubara,2023,6,3327355002.59,39020382891.0,85.27
batubara,2023,7,3089890803.03,43117756579.0,71.66
batubara,2023,8,2815278182.17,41161207085.0,68.4
batubara,2023,9,2662423158.88,40494529472.0,65.75
batubara,2023,10,3364849945.76,48833412041.92,68.9
batubara,2023,11,3461831506.34,47356459702.5,73.1
batubara,2023,12,3700592717.55,49219613315.0,75.19
batubara,2024,1,3010039784.81,40928647398.13,73.54
batubara,2024,2,3152264050.06,44165304386.38,71.37
batubara,2024,3,3218955155.11,46102270638.0,69.82
batubara,2024,4,3112928005.2,44537954225.87,69.89
batubara,2024,5,3127197258.56,46265128324.03,67.59
batubara,2024,6,3099089772.89,44650981916.0,69.41
batubara,2024,7,3016404747.01,45093610672.0,66.89
batubara,2024,8,3014657660.94,45884979961.0,65.7
batubara,2024,9,3131479730.64,47723355974.5,65.62
batubara,2024,10,3294730541.69,51603845584.0,63.85
batubara,2024,11,3310186545.27,50180189335.0,65.97
batubara,2024,12,3342677108.88,50619489022.0,66.04
batubara,2025,1,2663665525.82,41239932555.0,64.59
batubara,2025,2,2558279489.98,41450285544.0,61.72
batubara,2025,3,2425858610.96,40938841407.0,59.26
batubara,2025,4,2299516273.62,38705144424.0,59.41
batubara,2025,5,2459800241.48,41927969122.0,58.67
batubara,2025,6,2012201935.67,34938442854.0,57.59
batubara,2025,7,2286196592.11,41695137422.0,54.83
batubara,2025,8,2584370840.25,49166229615.0,52.56
batubara,2025,9,2512486179.25,45549816721.0,55.16
batubara,2025,10,2674227685.21,47831196006.0,55.91
batubara,2025,11,2728663277.29,49363194505.0,55.28
batubara,2025,12,2992553226.49,51203601626.0,58.44
batubara,2026,1,2250578510.4,39563219371.5,56.89
batubara,2026,2,2088876999.59,36583516833.0,57.1
batubara,2026,3,2425884682.64,37604428394.0,64.51
batubara,2026,4,2527175711.97,37332218838.0,67.69
batubara,2026,5,2822600265.4,40493138519.0,69.71
batubara,2026,6,2963337174.3,40071353310.0,73.95
batubara,2026,7,3026955233.82,38935108980.0,77.74
emas,2023,1,49432484.78,802.0,61636514.69
emas,2023,2,76755038.02,1275.0,60200029.82
emas,2023,3,61134829.66,1003.0,60951973.74
emas,2023,4,66053332.83,1033.0,63943207.0
emas,2023,5,81274461.31,1268.0,64096578.32
emas,2023,6,60536586.81,970.0,62408852.38
emas,2023,7,80088941.48,1275.0,62814856.06
emas,2023,8,88012010.05,1424.0,61806186.83
emas,2023,9,81582867.42,1315.0,62040203.36
emas,2023,10,71248205.37,1170.76,60856475.35
emas,2023,11,73785656.65,1171.43,62987517.55
emas,2023,12,58412458.92,904.47,64582046.39
emas,2024,2,9875295.47,151.1,65356890.69
emas,2024,3,195901838.44,2858.5,68533162.16
emas,2024,4,89096463.56,1197.95,74374357.07
emas,2024,5,94167259.77,1254.9,75039831.77
emas,2024,6,92923731.07,1249.85,74347847.12
emas,2024,7,94891035.01,1247.4,76070933.84
emas,2024,8,78043923.67,993.76,78533738.6
emas,2024,9,97314265.85,1184.48,82157587.61
emas,2024,10,105456709.93,1230.76,85684428.31
emas,2024,11,100789251.63,1173.69,85873826.67
emas,2024,12,103718521.07,1215.38,85338137.09
emas,2025,1,91509053.47,1067.16,85749764.84
emas,2025,2,117810090.99,1282.17,91883283.74
emas,2025,3,96311370.25,1027.48,93735354.0
emas,2025,4,345967041.63,3257.56,106204326.95
emas,2025,5,232564720.82,2233.95,104104660.49
emas,2025,6,213136495.77,1978.33,107735775.09
emas,2025,7,121864079.3,1147.91,106161923.92
emas,2025,8,145569799.45,1359.22,107098261.74
emas,2025,9,256913541.91,2199.67,116796380.91
emas,2025,10,157694715.55,1231.77,128023346.29
emas,2025,11,220645046.46,1713.41,128775490.9
emas,2025,12,184248755.6,1338.35,137668485.77
emas,2026,2,1628454.5,12.09,134719963.12
emas,2026,3,2148077.93,16.19,132686680.0
emas,2026,4,5228293.87,32.15,162611271.62
emas,2026,5,2627444.24,17.06,153995724.0
emas,2026,6,4132389.47,25.59,161468138.0
emas,2026,7,2612649.37,17.08,152988708.6
nikel,2023,1,1845646923.86,618902858.0,2982.13
nikel,2023,2,1834328191.65,634822507.2,2889.51
nikel,2023,3,1888879405.91,720104438.0,2623.06
nikel,2023,4,1587989058.27,648339118.2,2449.32
nikel,2023,5,1861402501.81,769945403.0,2417.58
nikel,2023,6,1618384431.35,777547899.0,2081.4
nikel,2023,7,1838470203.35,853589324.88,2153.81
nikel,2023,8,1804191855.64,892743560.0,2020.95
nikel,2023,9,2039885910.29,979657735.26,2082.24
nikel,2023,10,2066780151.37,989556302.0,2088.59
nikel,2023,11,1891068902.72,939380690.0,2013.1
nikel,2023,12,1815556703.59,964886505.8,1881.63
nikel,2024,1,1696166228.04,1007748292.0,1683.12
nikel,2024,2,1244190670.81,695960855.8,1787.73
nikel,2024,3,1568098385.59,877339793.39,1787.33
nikel,2024,4,1827371962.05,955438982.02,1912.6
nikel,2024,5,2053182561.6,957527908.6,2144.25
nikel,2024,6,1792491098.46,919961894.42,1948.44
nikel,2024,7,1781309725.11,879636834.6,2025.05
nikel,2024,8,1709450835.61,884894172.9,1931.81
nikel,2024,9,1866814412.17,984991254.6,1895.26
nikel,2024,10,1842356332.52,1008485531.0,1826.85
nikel,2024,11,2406613650.44,1159583727.4,2075.41
nikel,2024,12,2258842645.52,1260137243.41,1792.54
nikel,2025,1,2079044544.92,1203330630.1,1727.74
nikel,2025,2,1588378013.84,919676458.9,1727.11
nikel,2025,3,2204722016.01,1233454302.9,1787.44
nikel,2025,4,2022449386.52,1129452132.5,1790.65
nikel,2025,5,2350448014.59,1194446868.05,1967.81
nikel,2025,6,1974913878.17,1134201332.55,1741.24
nikel,2025,7,2218173629.84,1198243115.0,1851.19
nikel,2025,8,2109752830.82,1098585626.2,1920.43
nikel,2025,9,2492990406.66,1366821740.52,1823.93
nikel,2025,10,2314678720.18,1161278384.5,1993.22
nikel,2025,11,2030761695.57,976510073.2,2079.61
nikel,2025,12,2719468044.96,1337147465.4,2033.78
nikel,2026,1,2215487569.05,1081798814.6,2047.97
nikel,2026,2,2118085354.14,956944353.8,2213.38
nikel,2026,3,2655070273.48,1071124971.2,2478.77
nikel,2026,4,2449506005.5,1037782353.7,2360.33
nikel,2026,5,2477216099.89,1029968729.6,2405.14
nikel,2026,6,2338608711.03,891392360.71,2623.55
nikel,2026,7,2322691825.32,1094836263.7,2121.5
tembaga,2023,1,668511230.77,203557370.85,3284.14
tembaga,2023,2,426206522.49,125598940.0,3393.39
tembaga,2023,3,705172758.66,218708115.0,3224.26
tembaga,2023,4,872786142.66,291633757.0,2992.75
tembaga,2023,5,650047037.22,232345572.0,2797.76
tembaga,2023,6,410413072.66,154938501.0,2648.88
tembaga,2023,7,367239588.09,129467455.5,2836.54
tembaga,2023,8,1189471079.21,412387672.02,2884.35
tembaga,2023,9,974096476.7,332277437.5,2931.58
tembaga,2023,10,992068309.18,338936251.5,2927.01
tembaga,2023,11,860981104.59,299308858.44,2876.56
tembaga,2023,12,1232289719.07,368899171.95,3340.45
tembaga,2024,1,801330890.35,231158637.89,3466.58
tembaga,2024,2,1013965557.82,300546158.0,3373.74
tembaga,2024,3,1052073069.02,319297955.29,3294.96
tembaga,2024,4,964416006.39,264551210.0,3645.48
tembaga,2024,5,1212769985.51,302134537.04,4014.01
tembaga,2024,6,191012029.16,19676709.0,9707.52
tembaga,2024,7,866448162.05,231046284.0,3750.11
tembaga,2024,8,1171093781.96,313233180.9,3738.73
tembaga,2024,9,846869272.44,226788390.1,3734.18
tembaga,2024,10,831042547.57,211241350.6,3934.09
tembaga,2024,11,621126078.54,172924005.84,3591.9
tembaga,2024,12,459183234.32,103432452.8,4439.45
tembaga,2025,1,172489340.11,19306212.0,8934.4
tembaga,2025,2,147379395.49,16054138.48,9180.15
tembaga,2025,3,734783429.55,177933378.0,4129.54
tembaga,2025,4,995285753.82,252707082.5,3938.5
tembaga,2025,5,777898863.95,186510929.0,4170.8
tembaga,2025,6,888947885.08,222268059.39,3999.44
tembaga,2025,7,588778434.06,134077568.0,4391.33
tembaga,2025,8,989733231.67,269805384.5,3668.32
tembaga,2025,9,687100602.61,192550120.5,3568.42
tembaga,2025,10,213395364.09,20215687.5,10555.93
tembaga,2025,11,418041916.28,89193151.0,4686.93
tembaga,2025,12,646117983.99,121441131.0,5320.42
tembaga,2026,1,127003462.3,11971549.0,10608.77
tembaga,2026,2,142190200.18,10955313.0,12979.11
tembaga,2026,3,788942657.12,86586216.0,9111.64
tembaga,2026,4,814179377.5,89605244.0,9086.29
tembaga,2026,5,201512786.25,15046971.0,13392.25
tembaga,2026,6,354343416.02,25853042.5,13706.06
tembaga,2026,7,447009513.86,32895525.0,13588.76
timah,2023,1,41152401.31,1580694.4,26034.38
timah,2023,2,88518726.56,3129676.2,28283.67
timah,2023,3,113607020.48,4573945.5,24837.86
timah,2023,4,186394288.17,7409427.3,25156.37
timah,2023,5,184591364.1,7032817.9,26247.14
timah,2023,6,208787161.64,7962499.6,26221.31
timah,2023,7,192989240.67,6952515.7,27758.19
timah,2023,8,134427023.54,4957058.5,27118.3
timah,2023,9,146404760.66,5660250.9,25865.42
timah,2023,10,134216678.93,5449706.1,24628.24
timah,2023,11,189252962.42,7654980.0,24722.86
timah,2023,12,149483191.25,6063103.6,24654.57
timah,2024,3,103002138.9,3802517.8,27087.88
timah,2024,4,95439886.63,3026834.8,31531.25
timah,2024,5,103629107.37,3160413.2,32789.73
timah,2024,6,146748420.96,4504288.3,32579.71
timah,2024,7,109714910.24,3371246.8,32544.31
timah,2024,8,205297793.53,6411961.9,32017.94
timah,2024,9,158914448.34,5054890.6,31437.76
timah,2024,10,183488289.5,5651944.1,32464.63
timah,2024,11,179721808.77,5911317.4,30403.0
timah,2024,12,132853926.48,4594307.0,28917.08
timah,2025,1,46439763.4,1566255.8,29650.18
timah,2025,2,111897702.15,3669719.5,30492.17
timah,2025,3,189660189.84,5788513.2,32764.92
timah,2025,4,153077437.17,4727122.6,32382.79
timah,2025,5,175519955.18,5515651.6,31822.16
timah,2025,6,139653798.25,4435755.7,31483.65
timah,2025,7,125006173.3,3771733.5,33142.9
timah,2025,8,106608452.58,3225486.1,33051.9
timah,2025,9,165273365.37,4837829.1,34162.71
timah,2025,10,92184712.85,2596404.5,35504.76
timah,2025,11,265117061.34,7361423.6,36014.37
timah,2025,12,195327824.58,4919936.7,39701.29
timah,2026,1,134251617.5,2624405.3,51155.06
timah,2026,2,171518454.76,3589113.4,47788.53
timah,2026,3,219368222.59,4609163.8,47593.93
timah,2026,4,101145368.26,2135664.4,47360.14
timah,2026,5,139024704.78,2731673.0,50893.61
timah,2026,6,177864221.57,3355274.2,53010.34
timah,2026,7,237171413.88,4571313.8,51882.55
