bulan,komoditas,harga,satuan,sumber
2023-01,"Coal, Australian",318.0,($/mt),"World Bank Pink Sheet (CC BY), Updated on September 02, 2026"
2023-02,"Coal, Australian",207.5,($/mt),"World Bank Pink Sheet (CC BY), Updated on September 02, 2026"
2023-03,"Coal, Australian",187.2,($/mt),"World Bank Pink Sheet (CC BY), Updated on September 02, 2026"
2023-04,"Coal, Australian",194.3,($/mt),"World Bank Pink Sheet (CC BY), Updated on September 02, 2026"
2023-05,"Coal, Australian",160.5,($/mt),"World Bank Pink Sheet (CC BY), Updated on September 02, 2026"
2023-06,"Coal, Australian",139.4,($/mt),"World Bank Pink Sheet (CC BY), Updated on September 02, 2026"
2023-07,"Coal, Australian",140.6,($/mt),"World Bank Pink Sheet (CC BY), Updated on September 02, 2026"
2023-08,"Coal, Australian",152.6,($/mt),"World Bank Pink Sheet (CC BY), Updated on September 02, 2026"
2023-09,"Coal, Australian",162.5,($/mt),"World Bank Pink Sheet (CC BY), Updated on September 02, 2026"
2023-10,"Coal, Australian",142.1,($/mt),"World Bank Pink Sheet (CC BY), Updated on September 02, 2026"
2023-11,"Coal, Australian",126.8,($/mt),"World Bank Pink Sheet (CC BY), Updated on September 02, 2026"
2023-12,"Coal, Australian",141.8,($/mt),"World Bank Pink Sheet (CC BY), Updated on September 02, 2026"
2024-01,"Coal, Australian",124.9,($/mt),"World Bank Pink Sheet (CC BY), Updated on September 02, 2026"
2024-02,"Coal, Australian",124.2,($/mt),"World Bank Pink Sheet (CC BY), Updated on September 02, 2026"
2024-03,"Coal, Australian",131.5,($/mt),"World Bank Pink Sheet (CC BY), Updated on September 02, 2026"
2024-04,"Coal, Australian",135.0,($/mt),"World Bank Pink Sheet (CC BY), Updated on September 02, 2026"
2024-05,"Coal, Australian",142.0,($/mt),"World Bank Pink Sheet (CC BY), Updated on September 02, 2026"
2024-06,"Coal, Australian",135.1,($/mt),"World Bank Pink Sheet (CC BY), Updated on September 02, 2026"
2024-07,"Coal, Australian",137.6,($/mt),"World Bank Pink Sheet (CC BY), Updated on September 02, 2026"
2024-08,"Coal, Australian",145.8,($/mt),"World Bank Pink Sheet (CC BY), Updated on September 02, 2026"
2024-09,"Coal, Australian",139.2,($/mt),"World Bank Pink Sheet (CC BY), Updated on September 02, 2026"
2024-10,"Coal, Australian",146.6,($/mt),"World Bank Pink Sheet (CC BY), Updated on September 02, 2026"
2024-11,"Coal, Australian",142.1,($/mt),"World Bank Pink Sheet (CC BY), Updated on September 02, 2026"
2024-12,"Coal, Australian",129.8,($/mt),"World Bank Pink Sheet (CC BY), Updated on September 02, 2026"
2025-01,"Coal, Australian",118.6,($/mt),"World Bank Pink Sheet (CC BY), Updated on September 02, 2026"
2025-02,"Coal, Australian",106.9,($/mt),"World Bank Pink Sheet (CC BY), Updated on September 02, 2026"
2025-03,"Coal, Australian",104.0,($/mt),"World Bank Pink Sheet (CC BY), Updated on September 02, 2026"
2025-04,"Coal, Australian",98.6,($/mt),"World Bank Pink Sheet (CC BY), Updated on September 02, 2026"
2025-05,"Coal, Australian",104.4,($/mt),"World Bank Pink Sheet (CC BY), Updated on September 02, 2026"
2025-06,"Coal, Australian",109.0,($/mt),"World Bank Pink Sheet (CC BY), Updated on September 02, 2026"
2025-07,"Coal, Australian",112.9,($/mt),"World Bank Pink Sheet (CC BY), Updated on September 02, 2026"
2025-08,"Coal, Australian",112.2,($/mt),"World Bank Pink Sheet (CC BY), Updated on September 02, 2026"
2025-09,"Coal, Australian",106.3,($/mt),"World Bank Pink Sheet (CC BY), Updated on September 02, 2026"
2025-10,"Coal, Australian",107.5,($/mt),"World Bank Pink Sheet (CC BY), Updated on September 02, 2026"
2025-11,"Coal, Australian",112.6,($/mt),"World Bank Pink Sheet (CC BY), Updated on September 02, 2026"
2025-12,"Coal, Australian",107.7,($/mt),"World Bank Pink Sheet (CC BY), Updated on September 02, 2026"
2026-01,"Coal, Australian",109.8,($/mt),"World Bank Pink Sheet (CC BY), Updated on September 02, 2026"
2026-02,"Coal, Australian",118.4,($/mt),"World Bank Pink Sheet (CC BY), Updated on September 02, 2026"
2026-03,"Coal, Australian",138.6,($/mt),"World Bank Pink Sheet (CC BY), Updated on September 02, 2026"
2026-04,"Coal, Australian",130.9,($/mt),"World Bank Pink Sheet (CC BY), Updated on September 02, 2026"
2026-05,"Coal, Australian",136.9,($/mt),"World Bank Pink Sheet (CC BY), Updated on September 02, 2026"
2026-06,"Coal, Australian",138.5,($/mt),"World Bank Pink Sheet (CC BY), Updated on September 02, 2026"
2026-07,"Coal, Australian",131.9,($/mt),"World Bank Pink Sheet (CC BY), Updated on September 02, 2026"
2026-08,"Coal, Australian",135.2,($/mt),"World Bank Pink Sheet (CC BY), Updated on September 02, 2026"
2023-01,"Coal, South African",172.0,($/mt),"World Bank Pink Sheet (CC BY), Updated on September 02, 2026"
2023-02,"Coal, South African",144.7,($/mt),"World Bank Pink Sheet (CC BY), Updated on September 02, 2026"
2023-03,"Coal, South African",136.8,($/mt),"World Bank Pink Sheet (CC BY), Updated on September 02, 2026"
2023-04,"Coal, South African",133.7,($/mt),"World Bank Pink Sheet (CC BY), Updated on September 02, 2026"
2023-05,"Coal, South African",103.0,($/mt),"World Bank Pink Sheet (CC BY), Updated on September 02, 2026"
2023-06,"Coal, South African",98.6,($/mt),"World Bank Pink Sheet (CC BY), Updated on September 02, 2026"
2023-07,"Coal, South African",96.8,($/mt),"World Bank Pink Sheet (CC BY), Updated on September 02, 2026"
2023-08,"Coal, South African",97.6,($/mt),"World Bank Pink Sheet (CC BY), Updated on September 02, 2026"
2023-09,"Coal, South African",99.9,($/mt),"World Bank Pink Sheet (CC BY), Updated on September 02, 2026"
2023-10,"Coal, South African",128.4,($/mt),"World Bank Pink Sheet (CC BY), Updated on September 02, 2026"
2023-11,"Coal, South African",109.0,($/mt),"World Bank Pink Sheet (CC BY), Updated on September 02, 2026"
2023-12,"Coal, South African",108.8,($/mt),"World Bank Pink Sheet (CC BY), Updated on September 02, 2026"
2024-01,"Coal, South African",106.8,($/mt),"World Bank Pink Sheet (CC BY), Updated on September 02, 2026"
2024-02,"Coal, South African",105.2,($/mt),"World Bank Pink Sheet (CC BY), Updated on September 02, 2026"
2024-03,"Coal, South African",104.8,($/mt),"World Bank Pink Sheet (CC BY), Updated on September 02, 2026"
2024-04,"Coal, South African",104.9,($/mt),"World Bank Pink Sheet (CC BY), Updated on September 02, 2026"
2024-05,"Coal, South African",105.6,($/mt),"World Bank Pink Sheet (CC BY), Updated on September 02, 2026"
2024-06,"Coal, South African",105.3,($/mt),"World Bank Pink Sheet (CC BY), Updated on September 02, 2026"
2024-07,"Coal, South African",105.3,($/mt),"World Bank Pink Sheet (CC BY), Updated on September 02, 2026"
2024-08,"Coal, South African",106.2,($/mt),"World Bank Pink Sheet (CC BY), Updated on September 02, 2026"
2024-09,"Coal, South African",106.1,($/mt),"World Bank Pink Sheet (CC BY), Updated on September 02, 2026"
2024-10,"Coal, South African",106.8,($/mt),"World Bank Pink Sheet (CC BY), Updated on September 02, 2026"
2024-11,"Coal, South African",106.8,($/mt),"World Bank Pink Sheet (CC BY), Updated on September 02, 2026"
2024-12,"Coal, South African",105.5,($/mt),"World Bank Pink Sheet (CC BY), Updated on September 02, 2026"
2025-01,"Coal, South African",103.3,($/mt),"World Bank Pink Sheet (CC BY), Updated on September 02, 2026"
2025-02,"Coal, South African",100.4,($/mt),"World Bank Pink Sheet (CC BY), Updated on September 02, 2026"
2025-03,"Coal, South African",98.0,($/mt),"World Bank Pink Sheet (CC BY), Updated on September 02, 2026"
2025-04,"Coal, South African",95.6,($/mt),"World Bank Pink Sheet (CC BY), Updated on September 02, 2026"
2025-05,"Coal, South African",94.3,($/mt),"World Bank Pink Sheet (CC BY), Updated on September 02, 2026"
2025-06,"Coal, South African",93.8,($/mt),"World Bank Pink Sheet (CC BY), Updated on September 02, 2026"
2025-07,"Coal, South African",93.6,($/mt),"World Bank Pink Sheet (CC BY), Updated on September 02, 2026"
2025-08,"Coal, South African",93.3,($/mt),"World Bank Pink Sheet (CC BY), Updated on September 02, 2026"
2025-09,"Coal, South African",92.3,($/mt),"World Bank Pink Sheet (CC BY), Updated on September 02, 2026"
2025-10,"Coal, South African",91.6,($/mt),"World Bank Pink Sheet (CC BY), Updated on September 02, 2026"
2025-11,"Coal, South African",91.6,($/mt),"World Bank Pink Sheet (CC BY), Updated on September 02, 2026"
2025-12,"Coal, South African",90.9,($/mt),"World Bank Pink Sheet (CC BY), Updated on September 02, 2026"
2026-01,"Coal, South African",90.6,($/mt),"World Bank Pink Sheet (CC BY), Updated on September 02, 2026"
2026-02,"Coal, South African",91.2,($/mt),"World Bank Pink Sheet (CC BY), Updated on September 02, 2026"
2026-03,"Coal, South African",93.8,($/mt),"World Bank Pink Sheet (CC BY), Updated on September 02, 2026"
2026-04,"Coal, South African",94.8,($/mt),"World Bank Pink Sheet (CC BY), Updated on September 02, 2026"
2026-05,"Coal, South African",95.6,($/mt),"World Bank Pink Sheet (CC BY), Updated on September 02, 2026"
2026-06,"Coal, South African",96.3,($/mt),"World Bank Pink Sheet (CC BY), Updated on September 02, 2026"
2026-07,"Coal, South African",96.3,($/mt),"World Bank Pink Sheet (CC BY), Updated on September 02, 2026"
2026-08,"Coal, South African",96.8,($/mt),"World Bank Pink Sheet (CC BY), Updated on September 02, 2026"
2023-01,Nickel,28195.0,($/mt),"World Bank Pink Sheet (CC BY), Updated on September 02, 2026"
2023-02,Nickel,26728.0,($/mt),"World Bank Pink Sheet (CC BY), Updated on September 02, 2026"
2023-03,Nickel,23289.0,($/mt),"World Bank Pink Sheet (CC BY), Updated on September 02, 2026"
2023-04,Nickel,23895.0,($/mt),"World Bank Pink Sheet (CC BY), Updated on September 02, 2026"
2023-05,Nickel,21970.0,($/mt),"World Bank Pink Sheet (CC BY), Updated on September 02, 2026"
2023-06,Nickel,21233.0,($/mt),"World Bank Pink Sheet (CC BY), Updated on September 02, 2026"
2023-07,Nickel,21091.0,($/mt),"World Bank Pink Sheet (CC BY), Updated on September 02, 2026"
2023-08,Nickel,20439.0,($/mt),"World Bank Pink Sheet (CC BY), Updated on September 02, 2026"
2023-09,Nickel,19645.0,($/mt),"World Bank Pink Sheet (CC BY), Updated on September 02, 2026"
2023-10,Nickel,18281.0,($/mt),"World Bank Pink Sheet (CC BY), Updated on September 02, 2026"
2023-11,Nickel,17027.0,($/mt),"World Bank Pink Sheet (CC BY), Updated on September 02, 2026"
2023-12,Nickel,16461.0,($/mt),"World Bank Pink Sheet (CC BY), Updated on September 02, 2026"
2024-01,Nickel,16104.0,($/mt),"World Bank Pink Sheet (CC BY), Updated on September 02, 2026"
2024-02,Nickel,16338.0,($/mt),"World Bank Pink Sheet (CC BY), Updated on September 02, 2026"
2024-03,Nickel,17439.0,($/mt),"World Bank Pink Sheet (CC BY), Updated on September 02, 2026"
2024-04,Nickel,18164.0,($/mt),"World Bank Pink Sheet (CC BY), Updated on September 02, 2026"
2024-05,Nickel,19587.0,($/mt),"World Bank Pink Sheet (CC BY), Updated on September 02, 2026"
2024-06,Nickel,17498.0,($/mt),"World Bank Pink Sheet (CC BY), Updated on September 02, 2026"
2024-07,Nickel,16335.0,($/mt),"World Bank Pink Sheet (CC BY), Updated on September 02, 2026"
2024-08,Nickel,16292.0,($/mt),"World Bank Pink Sheet (CC BY), Updated on September 02, 2026"
2024-09,Nickel,16077.0,($/mt),"World Bank Pink Sheet (CC BY), Updated on September 02, 2026"
2024-10,Nickel,16766.0,($/mt),"World Bank Pink Sheet (CC BY), Updated on September 02, 2026"
2024-11,Nickel,15723.0,($/mt),"World Bank Pink Sheet (CC BY), Updated on September 02, 2026"
2024-12,Nickel,15445.0,($/mt),"World Bank Pink Sheet (CC BY), Updated on September 02, 2026"
2025-01,Nickel,15394.0,($/mt),"World Bank Pink Sheet (CC BY), Updated on September 02, 2026"
2025-02,Nickel,15288.0,($/mt),"World Bank Pink Sheet (CC BY), Updated on September 02, 2026"
2025-03,Nickel,16066.0,($/mt),"World Bank Pink Sheet (CC BY), Updated on September 02, 2026"
2025-04,Nickel,15113.0,($/mt),"World Bank Pink Sheet (CC BY), Updated on September 02, 2026"
2025-05,Nickel,15346.0,($/mt),"World Bank Pink Sheet (CC BY), Updated on September 02, 2026"
2025-06,Nickel,15003.0,($/mt),"World Bank Pink Sheet (CC BY), Updated on September 02, 2026"
2025-07,Nickel,15034.0,($/mt),"World Bank Pink Sheet (CC BY), Updated on September 02, 2026"
2025-08,Nickel,14949.0,($/mt),"World Bank Pink Sheet (CC BY), Updated on September 02, 2026"
2025-09,Nickel,15106.0,($/mt),"World Bank Pink Sheet (CC BY), Updated on September 02, 2026"
2025-10,Nickel,15092.0,($/mt),"World Bank Pink Sheet (CC BY), Updated on September 02, 2026"
2025-11,Nickel,14671.0,($/mt),"World Bank Pink Sheet (CC BY), Updated on September 02, 2026"
2025-12,Nickel,14884.0,($/mt),"World Bank Pink Sheet (CC BY), Updated on September 02, 2026"
2026-01,Nickel,17769.0,($/mt),"World Bank Pink Sheet (CC BY), Updated on September 02, 2026"
2026-02,Nickel,17173.0,($/mt),"World Bank Pink Sheet (CC BY), Updated on September 02, 2026"
2026-03,Nickel,17076.0,($/mt),"World Bank Pink Sheet (CC BY), Updated on September 02, 2026"
2026-04,Nickel,17962.0,($/mt),"World Bank Pink Sheet (CC BY), Updated on September 02, 2026"
2026-05,Nickel,18806.0,($/mt),"World Bank Pink Sheet (CC BY), Updated on September 02, 2026"
2026-06,Nickel,17588.0,($/mt),"World Bank Pink Sheet (CC BY), Updated on September 02, 2026"
2026-07,Nickel,16651.0,($/mt),"World Bank Pink Sheet (CC BY), Updated on September 02, 2026"
2026-08,Nickel,16751.0,($/mt),"World Bank Pink Sheet (CC BY), Updated on September 02, 2026"
2023-01,Copper,9038.0,($/mt),"World Bank Pink Sheet (CC BY), Updated on September 02, 2026"
2023-02,Copper,8937.0,($/mt),"World Bank Pink Sheet (CC BY), Updated on September 02, 2026"
2023-03,Copper,8856.0,($/mt),"World Bank Pink Sheet (CC BY), Updated on September 02, 2026"
2023-04,Copper,8809.0,($/mt),"World Bank Pink Sheet (CC BY), Updated on September 02, 2026"
2023-05,Copper,8217.0,($/mt),"World Bank Pink Sheet (CC BY), Updated on September 02, 2026"
2023-06,Copper,8397.0,($/mt),"World Bank Pink Sheet (CC BY), Updated on September 02, 2026"
2023-07,Copper,8477.0,($/mt),"World Bank Pink Sheet (CC BY), Updated on September 02, 2026"
2023-08,Copper,8349.0,($/mt),"World Bank Pink Sheet (CC BY), Updated on September 02, 2026"
2023-09,Copper,8277.0,($/mt),"World Bank Pink Sheet (CC BY), Updated on September 02, 2026"
2023-10,Copper,7937.0,($/mt),"World Bank Pink Sheet (CC BY), Updated on September 02, 2026"
2023-11,Copper,8190.0,($/mt),"World Bank Pink Sheet (CC BY), Updated on September 02, 2026"
2023-12,Copper,8400.0,($/mt),"World Bank Pink Sheet (CC BY), Updated on September 02, 2026"
2024-01,Copper,8339.0,($/mt),"World Bank Pink Sheet (CC BY), Updated on September 02, 2026"
2024-02,Copper,8305.0,($/mt),"World Bank Pink Sheet (CC BY), Updated on September 02, 2026"
2024-03,Copper,8689.0,($/mt),"World Bank Pink Sheet (CC BY), Updated on September 02, 2026"
2024-04,Copper,9464.0,($/mt),"World Bank Pink Sheet (CC BY), Updated on September 02, 2026"
2024-05,Copper,10139.0,($/mt),"World Bank Pink Sheet (CC BY), Updated on September 02, 2026"
2024-06,Copper,9648.0,($/mt),"World Bank Pink Sheet (CC BY), Updated on September 02, 2026"
2024-07,Copper,9385.0,($/mt),"World Bank Pink Sheet (CC BY), Updated on September 02, 2026"
2024-08,Copper,8972.0,($/mt),"World Bank Pink Sheet (CC BY), Updated on September 02, 2026"
2024-09,Copper,9237.0,($/mt),"World Bank Pink Sheet (CC BY), Updated on September 02, 2026"
2024-10,Copper,9534.0,($/mt),"World Bank Pink Sheet (CC BY), Updated on September 02, 2026"
2024-11,Copper,9076.0,($/mt),"World Bank Pink Sheet (CC BY), Updated on September 02, 2026"
2024-12,Copper,8916.0,($/mt),"World Bank Pink Sheet (CC BY), Updated on September 02, 2026"
2025-01,Copper,8991.0,($/mt),"World Bank Pink Sheet (CC BY), Updated on September 02, 2026"
2025-02,Copper,9331.0,($/mt),"World Bank Pink Sheet (CC BY), Updated on September 02, 2026"
2025-03,Copper,9740.0,($/mt),"World Bank Pink Sheet (CC BY), Updated on September 02, 2026"
2025-04,Copper,9177.0,($/mt),"World Bank Pink Sheet (CC BY), Updated on September 02, 2026"
2025-05,Copper,9533.0,($/mt),"World Bank Pink Sheet (CC BY), Updated on September 02, 2026"
2025-06,Copper,9835.0,($/mt),"World Bank Pink Sheet (CC BY), Updated on September 02, 2026"
2025-07,Copper,9771.0,($/mt),"World Bank Pink Sheet (CC BY), Updated on September 02, 2026"
2025-08,Copper,9670.0,($/mt),"World Bank Pink Sheet (CC BY), Updated on September 02, 2026"
2025-09,Copper,9984.0,($/mt),"World Bank Pink Sheet (CC BY), Updated on September 02, 2026"
2025-10,Copper,10740.0,($/mt),"World Bank Pink Sheet (CC BY), Updated on September 02, 2026"
2025-11,Copper,10812.0,($/mt),"World Bank Pink Sheet (CC BY), Updated on September 02, 2026"
2025-12,Copper,11785.0,($/mt),"World Bank Pink Sheet (CC BY), Updated on September 02, 2026"
2026-01,Copper,13012.0,($/mt),"World Bank Pink Sheet (CC BY), Updated on September 02, 2026"
2026-02,Copper,12951.0,($/mt),"World Bank Pink Sheet (CC BY), Updated on September 02, 2026"
2026-03,Copper,12529.0,($/mt),"World Bank Pink Sheet (CC BY), Updated on September 02, 2026"
2026-04,Copper,12951.0,($/mt),"World Bank Pink Sheet (CC BY), Updated on September 02, 2026"
2026-05,Copper,13543.0,($/mt),"World Bank Pink Sheet (CC BY), Updated on September 02, 2026"
2026-06,Copper,13552.0,($/mt),"World Bank Pink Sheet (CC BY), Updated on September 02, 2026"
2026-07,Copper,13543.0,($/mt),"World Bank Pink Sheet (CC BY), Updated on September 02, 2026"
2026-08,Copper,14326.0,($/mt),"World Bank Pink Sheet (CC BY), Updated on September 02, 2026"
2023-01,Gold,1898.0,($/troy oz),"World Bank Pink Sheet (CC BY), Updated on September 02, 2026"
2023-02,Gold,1855.0,($/troy oz),"World Bank Pink Sheet (CC BY), Updated on September 02, 2026"
2023-03,Gold,1913.0,($/troy oz),"World Bank Pink Sheet (CC BY), Updated on September 02, 2026"
2023-04,Gold,2000.0,($/troy oz),"World Bank Pink Sheet (CC BY), Updated on September 02, 2026"
2023-05,Gold,1992.0,($/troy oz),"World Bank Pink Sheet (CC BY), Updated on September 02, 2026"
2023-06,Gold,1943.0,($/troy oz),"World Bank Pink Sheet (CC BY), Updated on September 02, 2026"
2023-07,Gold,1951.0,($/troy oz),"World Bank Pink Sheet (CC BY), Updated on September 02, 2026"
2023-08,Gold,1919.0,($/troy oz),"World Bank Pink Sheet (CC BY), Updated on September 02, 2026"
2023-09,Gold,1916.0,($/troy oz),"World Bank Pink Sheet (CC BY), Updated on September 02, 2026"
2023-10,Gold,1916.0,($/troy oz),"World Bank Pink Sheet (CC BY), Updated on September 02, 2026"
2023-11,Gold,1984.0,($/troy oz),"World Bank Pink Sheet (CC BY), Updated on September 02, 2026"
2023-12,Gold,2026.0,($/troy oz),"World Bank Pink Sheet (CC BY), Updated on September 02, 2026"
2024-01,Gold,2034.0,($/troy oz),"World Bank Pink Sheet (CC BY), Updated on September 02, 2026"
2024-02,Gold,2023.0,($/troy oz),"World Bank Pink Sheet (CC BY), Updated on September 02, 2026"
2024-03,Gold,2158.0,($/troy oz),"World Bank Pink Sheet (CC BY), Updated on September 02, 2026"
2024-04,Gold,2331.0,($/troy oz),"World Bank Pink Sheet (CC BY), Updated on September 02, 2026"
2024-05,Gold,2351.0,($/troy oz),"World Bank Pink Sheet (CC BY), Updated on September 02, 2026"
2024-06,Gold,2326.0,($/troy oz),"World Bank Pink Sheet (CC BY), Updated on September 02, 2026"
2024-07,Gold,2398.0,($/troy oz),"World Bank Pink Sheet (CC BY), Updated on September 02, 2026"
2024-08,Gold,2470.0,($/troy oz),"World Bank Pink Sheet (CC BY), Updated on September 02, 2026"
2024-09,Gold,2571.0,($/troy oz),"World Bank Pink Sheet (CC BY), Updated on September 02, 2026"
2024-10,Gold,2690.0,($/troy oz),"World Bank Pink Sheet (CC BY), Updated on September 02, 2026"
2024-11,Gold,2651.0,($/troy oz),"World Bank Pink Sheet (CC BY), Updated on September 02, 2026"
2024-12,Gold,2648.0,($/troy oz),"World Bank Pink Sheet (CC BY), Updated on September 02, 2026"
2025-01,Gold,2710.0,($/troy oz),"World Bank Pink Sheet (CC BY), Updated on September 02, 2026"
2025-02,Gold,2895.0,($/troy oz),"World Bank Pink Sheet (CC BY), Updated on September 02, 2026"
2025-03,Gold,2983.0,($/troy oz),"World Bank Pink Sheet (CC BY), Updated on September 02, 2026"
2025-04,Gold,3218.0,($/troy oz),"World Bank Pink Sheet (CC BY), Updated on September 02, 2026"
2025-05,Gold,3309.0,($/troy oz),"World Bank Pink Sheet (CC BY), Updated on September 02, 2026"
2025-06,Gold,3353.0,($/troy oz),"World Bank Pink Sheet (CC BY), Updated on September 02, 2026"
2025-07,Gold,3340.0,($/troy oz),"World Bank Pink Sheet (CC BY), Updated on September 02, 2026"
2025-08,Gold,3368.0,($/troy oz),"World Bank Pink Sheet (CC BY), Updated on September 02, 2026"
2025-09,Gold,3668.0,($/troy oz),"World Bank Pink Sheet (CC BY), Updated on September 02, 2026"
2025-10,Gold,4058.0,($/troy oz),"World Bank Pink Sheet (CC BY), Updated on September 02, 2026"
2025-11,Gold,4087.0,($/troy oz),"World Bank Pink Sheet (CC BY), Updated on September 02, 2026"
2025-12,Gold,4309.0,($/troy oz),"World Bank Pink Sheet (CC BY), Updated on September 02, 2026"
2026-01,Gold,4753.0,($/troy oz),"World Bank Pink Sheet (CC BY), Updated on September 02, 2026"
2026-02,Gold,5020.0,($/troy oz),"World Bank Pink Sheet (CC BY), Updated on September 02, 2026"
2026-03,Gold,4856.0,($/troy oz),"World Bank Pink Sheet (CC BY), Updated on September 02, 2026"
2026-04,Gold,4721.0,($/troy oz),"World Bank Pink Sheet (CC BY), Updated on September 02, 2026"
2026-05,Gold,4587.0,($/troy oz),"World Bank Pink Sheet (CC BY), Updated on September 02, 2026"
2026-06,Gold,4228.0,($/troy oz),"World Bank Pink Sheet (CC BY), Updated on September 02, 2026"
2026-07,Gold,4073.0,($/troy oz),"World Bank Pink Sheet (CC BY), Updated on September 02, 2026"
2026-08,Gold,4411.0,($/troy oz),"World Bank Pink Sheet (CC BY), Updated on September 02, 2026"
2023-01,Silver,23.7,($/troy oz),"World Bank Pink Sheet (CC BY), Updated on September 02, 2026"
2023-02,Silver,21.9,($/troy oz),"World Bank Pink Sheet (CC BY), Updated on September 02, 2026"
2023-03,Silver,22.0,($/troy oz),"World Bank Pink Sheet (CC BY), Updated on September 02, 2026"
2023-04,Silver,25.0,($/troy oz),"World Bank Pink Sheet (CC BY), Updated on September 02, 2026"
2023-05,Silver,24.3,($/troy oz),"World Bank Pink Sheet (CC BY), Updated on September 02, 2026"
2023-06,Silver,23.4,($/troy oz),"World Bank Pink Sheet (CC BY), Updated on September 02, 2026"
2023-07,Silver,24.3,($/troy oz),"World Bank Pink Sheet (CC BY), Updated on September 02, 2026"
2023-08,Silver,23.4,($/troy oz),"World Bank Pink Sheet (CC BY), Updated on September 02, 2026"
2023-09,Silver,23.1,($/troy oz),"World Bank Pink Sheet (CC BY), Updated on September 02, 2026"
2023-10,Silver,22.4,($/troy oz),"World Bank Pink Sheet (CC BY), Updated on September 02, 2026"
2023-11,Silver,23.5,($/troy oz),"World Bank Pink Sheet (CC BY), Updated on September 02, 2026"
2023-12,Silver,23.9,($/troy oz),"World Bank Pink Sheet (CC BY), Updated on September 02, 2026"
2024-01,Silver,22.9,($/troy oz),"World Bank Pink Sheet (CC BY), Updated on September 02, 2026"
2024-02,Silver,22.7,($/troy oz),"World Bank Pink Sheet (CC BY), Updated on September 02, 2026"
2024-03,Silver,24.5,($/troy oz),"World Bank Pink Sheet (CC BY), Updated on September 02, 2026"
2024-04,Silver,27.5,($/troy oz),"World Bank Pink Sheet (CC BY), Updated on September 02, 2026"
2024-05,Silver,29.4,($/troy oz),"World Bank Pink Sheet (CC BY), Updated on September 02, 2026"
2024-06,Silver,29.6,($/troy oz),"World Bank Pink Sheet (CC BY), Updated on September 02, 2026"
2024-07,Silver,29.8,($/troy oz),"World Bank Pink Sheet (CC BY), Updated on September 02, 2026"
2024-08,Silver,28.5,($/troy oz),"World Bank Pink Sheet (CC BY), Updated on September 02, 2026"
2024-09,Silver,30.1,($/troy oz),"World Bank Pink Sheet (CC BY), Updated on September 02, 2026"
2024-10,Silver,32.4,($/troy oz),"World Bank Pink Sheet (CC BY), Updated on September 02, 2026"
2024-11,Silver,31.1,($/troy oz),"World Bank Pink Sheet (CC BY), Updated on September 02, 2026"
2024-12,Silver,30.8,($/troy oz),"World Bank Pink Sheet (CC BY), Updated on September 02, 2026"
2025-01,Silver,30.4,($/troy oz),"World Bank Pink Sheet (CC BY), Updated on September 02, 2026"
2025-02,Silver,32.2,($/troy oz),"World Bank Pink Sheet (CC BY), Updated on September 02, 2026"
2025-03,Silver,33.2,($/troy oz),"World Bank Pink Sheet (CC BY), Updated on September 02, 2026"
2025-04,Silver,32.2,($/troy oz),"World Bank Pink Sheet (CC BY), Updated on September 02, 2026"
2025-05,Silver,32.8,($/troy oz),"World Bank Pink Sheet (CC BY), Updated on September 02, 2026"
2025-06,Silver,36.0,($/troy oz),"World Bank Pink Sheet (CC BY), Updated on September 02, 2026"
2025-07,Silver,37.7,($/troy oz),"World Bank Pink Sheet (CC BY), Updated on September 02, 2026"
2025-08,Silver,38.2,($/troy oz),"World Bank Pink Sheet (CC BY), Updated on September 02, 2026"
2025-09,Silver,42.8,($/troy oz),"World Bank Pink Sheet (CC BY), Updated on September 02, 2026"
2025-10,Silver,49.4,($/troy oz),"World Bank Pink Sheet (CC BY), Updated on September 02, 2026"
2025-11,Silver,50.4,($/troy oz),"World Bank Pink Sheet (CC BY), Updated on September 02, 2026"
2025-12,Silver,62.3,($/troy oz),"World Bank Pink Sheet (CC BY), Updated on September 02, 2026"
2026-01,Silver,92.1,($/troy oz),"World Bank Pink Sheet (CC BY), Updated on September 02, 2026"
2026-02,Silver,81.9,($/troy oz),"World Bank Pink Sheet (CC BY), Updated on September 02, 2026"
2026-03,Silver,77.9,($/troy oz),"World Bank Pink Sheet (CC BY), Updated on September 02, 2026"
2026-04,Silver,75.9,($/troy oz),"World Bank Pink Sheet (CC BY), Updated on September 02, 2026"
2026-05,Silver,78.0,($/troy oz),"World Bank Pink Sheet (CC BY), Updated on September 02, 2026"
2026-06,Silver,66.7,($/troy oz),"World Bank Pink Sheet (CC BY), Updated on September 02, 2026"
2026-07,Silver,58.8,($/troy oz),"World Bank Pink Sheet (CC BY), Updated on September 02, 2026"
2026-08,Silver,65.4,($/troy oz),"World Bank Pink Sheet (CC BY), Updated on September 02, 2026"
2023-01,Tin,28154.0,($/mt),"World Bank Pink Sheet (CC BY), Updated on September 02, 2026"
2023-02,Tin,26863.0,($/mt),"World Bank Pink Sheet (CC BY), Updated on September 02, 2026"
2023-03,Tin,24000.0,($/mt),"World Bank Pink Sheet (CC BY), Updated on September 02, 2026"
2023-04,Tin,25794.0,($/mt),"World Bank Pink Sheet (CC BY), Updated on September 02, 2026"
2023-05,Tin,25534.0,($/mt),"World Bank Pink Sheet (CC BY), Updated on September 02, 2026"
2023-06,Tin,27217.0,($/mt),"World Bank Pink Sheet (CC BY), Updated on September 02, 2026"
2023-07,Tin,28743.0,($/mt),"World Bank Pink Sheet (CC BY), Updated on September 02, 2026"
2023-08,Tin,26075.0,($/mt),"World Bank Pink Sheet (CC BY), Updated on September 02, 2026"
2023-09,Tin,25574.0,($/mt),"World Bank Pink Sheet (CC BY), Updated on September 02, 2026"
2023-10,Tin,24536.0,($/mt),"World Bank Pink Sheet (CC BY), Updated on September 02, 2026"
2023-11,Tin,24168.0,($/mt),"World Bank Pink Sheet (CC BY), Updated on September 02, 2026"
2023-12,Tin,24600.0,($/mt),"World Bank Pink Sheet (CC BY), Updated on September 02, 2026"
2024-01,Tin,25100.0,($/mt),"World Bank Pink Sheet (CC BY), Updated on September 02, 2026"
2024-02,Tin,26104.0,($/mt),"World Bank Pink Sheet (CC BY), Updated on September 02, 2026"
2024-03,Tin,27450.0,($/mt),"World Bank Pink Sheet (CC BY), Updated on September 02, 2026"
2024-04,Tin,31775.0,($/mt),"World Bank Pink Sheet (CC BY), Updated on September 02, 2026"
2024-05,Tin,32978.0,($/mt),"World Bank Pink Sheet (CC BY), Updated on September 02, 2026"
2024-06,Tin,32033.0,($/mt),"World Bank Pink Sheet (CC BY), Updated on September 02, 2026"
2024-07,Tin,31860.0,($/mt),"World Bank Pink Sheet (CC BY), Updated on September 02, 2026"
2024-08,Tin,31492.0,($/mt),"World Bank Pink Sheet (CC BY), Updated on September 02, 2026"
2024-09,Tin,31472.0,($/mt),"World Bank Pink Sheet (CC BY), Updated on September 02, 2026"
2024-10,Tin,32012.0,($/mt),"World Bank Pink Sheet (CC BY), Updated on September 02, 2026"
2024-11,Tin,29655.0,($/mt),"World Bank Pink Sheet (CC BY), Updated on September 02, 2026"
2024-12,Tin,28865.0,($/mt),"World Bank Pink Sheet (CC BY), Updated on September 02, 2026"
2025-01,Tin,29612.0,($/mt),"World Bank Pink Sheet (CC BY), Updated on September 02, 2026"
2025-02,Tin,31833.0,($/mt),"World Bank Pink Sheet (CC BY), Updated on September 02, 2026"
2025-03,Tin,34048.0,($/mt),"World Bank Pink Sheet (CC BY), Updated on September 02, 2026"
2025-04,Tin,32565.0,($/mt),"World Bank Pink Sheet (CC BY), Updated on September 02, 2026"
2025-05,Tin,31981.0,($/mt),"World Bank Pink Sheet (CC BY), Updated on September 02, 2026"
2025-06,Tin,32544.0,($/mt),"World Bank Pink Sheet (CC BY), Updated on September 02, 2026"
2025-07,Tin,33610.0,($/mt),"World Bank Pink Sheet (CC BY), Updated on September 02, 2026"
2025-08,Tin,33834.0,($/mt),"World Bank Pink Sheet (CC BY), Updated on September 02, 2026"
2025-09,Tin,34484.0,($/mt),"World Bank Pink Sheet (CC BY), Updated on September 02, 2026"
2025-10,Tin,36012.0,($/mt),"World Bank Pink Sheet (CC BY), Updated on September 02, 2026"
2025-11,Tin,36963.0,($/mt),"World Bank Pink Sheet (CC BY), Updated on September 02, 2026"
2025-12,Tin,41220.0,($/mt),"World Bank Pink Sheet (CC BY), Updated on September 02, 2026"
2026-01,Tin,49538.0,($/mt),"World Bank Pink Sheet (CC BY), Updated on September 02, 2026"
2026-02,Tin,48694.0,($/mt),"World Bank Pink Sheet (CC BY), Updated on September 02, 2026"
2026-03,Tin,47324.0,($/mt),"World Bank Pink Sheet (CC BY), Updated on September 02, 2026"
2026-04,Tin,48806.0,($/mt),"World Bank Pink Sheet (CC BY), Updated on September 02, 2026"
2026-05,Tin,53563.0,($/mt),"World Bank Pink Sheet (CC BY), Updated on September 02, 2026"
2026-06,Tin,53037.0,($/mt),"World Bank Pink Sheet (CC BY), Updated on September 02, 2026"
2026-07,Tin,52971.0,($/mt),"World Bank Pink Sheet (CC BY), Updated on September 02, 2026"
2026-08,Tin,55385.0,($/mt),"World Bank Pink Sheet (CC BY), Updated on September 02, 2026"
2023-01,Aluminum,2502.0,($/mt),"World Bank Pink Sheet (CC BY), Updated on September 02, 2026"
2023-02,Aluminum,2416.0,($/mt),"World Bank Pink Sheet (CC BY), Updated on September 02, 2026"
2023-03,Aluminum,2296.0,($/mt),"World Bank Pink Sheet (CC BY), Updated on September 02, 2026"
2023-04,Aluminum,2343.0,($/mt),"World Bank Pink Sheet (CC BY), Updated on September 02, 2026"
2023-05,Aluminum,2269.0,($/mt),"World Bank Pink Sheet (CC BY), Updated on September 02, 2026"
2023-06,Aluminum,2185.0,($/mt),"World Bank Pink Sheet (CC BY), Updated on September 02, 2026"
2023-07,Aluminum,2160.0,($/mt),"World Bank Pink Sheet (CC BY), Updated on September 02, 2026"
2023-08,Aluminum,2137.0,($/mt),"World Bank Pink Sheet (CC BY), Updated on September 02, 2026"
2023-09,Aluminum,2185.0,($/mt),"World Bank Pink Sheet (CC BY), Updated on September 02, 2026"
2023-10,Aluminum,2192.0,($/mt),"World Bank Pink Sheet (CC BY), Updated on September 02, 2026"
2023-11,Aluminum,2202.0,($/mt),"World Bank Pink Sheet (CC BY), Updated on September 02, 2026"
2023-12,Aluminum,2182.0,($/mt),"World Bank Pink Sheet (CC BY), Updated on September 02, 2026"
2024-01,Aluminum,2193.0,($/mt),"World Bank Pink Sheet (CC BY), Updated on September 02, 2026"
2024-02,Aluminum,2179.0,($/mt),"World Bank Pink Sheet (CC BY), Updated on September 02, 2026"
2024-03,Aluminum,2226.0,($/mt),"World Bank Pink Sheet (CC BY), Updated on September 02, 2026"
2024-04,Aluminum,2506.0,($/mt),"World Bank Pink Sheet (CC BY), Updated on September 02, 2026"
2024-05,Aluminum,2565.0,($/mt),"World Bank Pink Sheet (CC BY), Updated on September 02, 2026"
2024-06,Aluminum,2498.0,($/mt),"World Bank Pink Sheet (CC BY), Updated on September 02, 2026"
2024-07,Aluminum,2349.0,($/mt),"World Bank Pink Sheet (CC BY), Updated on September 02, 2026"
2024-08,Aluminum,2344.0,($/mt),"World Bank Pink Sheet (CC BY), Updated on September 02, 2026"
2024-09,Aluminum,2450.0,($/mt),"World Bank Pink Sheet (CC BY), Updated on September 02, 2026"
2024-10,Aluminum,2596.0,($/mt),"World Bank Pink Sheet (CC BY), Updated on September 02, 2026"
2024-11,Aluminum,2582.0,($/mt),"World Bank Pink Sheet (CC BY), Updated on September 02, 2026"
2024-12,Aluminum,2541.0,($/mt),"World Bank Pink Sheet (CC BY), Updated on September 02, 2026"
2025-01,Aluminum,2573.0,($/mt),"World Bank Pink Sheet (CC BY), Updated on September 02, 2026"
2025-02,Aluminum,2658.0,($/mt),"World Bank Pink Sheet (CC BY), Updated on September 02, 2026"
2025-03,Aluminum,2658.0,($/mt),"World Bank Pink Sheet (CC BY), Updated on September 02, 2026"
2025-04,Aluminum,2372.0,($/mt),"World Bank Pink Sheet (CC BY), Updated on September 02, 2026"
2025-05,Aluminum,2449.0,($/mt),"World Bank Pink Sheet (CC BY), Updated on September 02, 2026"
2025-06,Aluminum,2526.0,($/mt),"World Bank Pink Sheet (CC BY), Updated on September 02, 2026"
2025-07,Aluminum,2606.0,($/mt),"World Bank Pink Sheet (CC BY), Updated on September 02, 2026"
2025-08,Aluminum,2597.0,($/mt),"World Bank Pink Sheet (CC BY), Updated on September 02, 2026"
2025-09,Aluminum,2653.0,($/mt),"World Bank Pink Sheet (CC BY), Updated on September 02, 2026"
2025-10,Aluminum,2793.0,($/mt),"World Bank Pink Sheet (CC BY), Updated on September 02, 2026"
2025-11,Aluminum,2819.0,($/mt),"World Bank Pink Sheet (CC BY), Updated on September 02, 2026"
2025-12,Aluminum,2876.0,($/mt),"World Bank Pink Sheet (CC BY), Updated on September 02, 2026"
2026-01,Aluminum,3142.0,($/mt),"World Bank Pink Sheet (CC BY), Updated on September 02, 2026"
2026-02,Aluminum,3065.0,($/mt),"World Bank Pink Sheet (CC BY), Updated on September 02, 2026"
2026-03,Aluminum,3373.0,($/mt),"World Bank Pink Sheet (CC BY), Updated on September 02, 2026"
2026-04,Aluminum,3600.0,($/mt),"World Bank Pink Sheet (CC BY), Updated on September 02, 2026"
2026-05,Aluminum,3666.0,($/mt),"World Bank Pink Sheet (CC BY), Updated on September 02, 2026"
2026-06,Aluminum,3439.0,($/mt),"World Bank Pink Sheet (CC BY), Updated on September 02, 2026"
2026-07,Aluminum,3161.0,($/mt),"World Bank Pink Sheet (CC BY), Updated on September 02, 2026"
2026-08,Aluminum,3251.0,($/mt),"World Bank Pink Sheet (CC BY), Updated on September 02, 2026"
