symbol,jenis,tanggal,detail_json
BSSR,upcoming_dividend,2026-09-30,"{""ex_date"": ""2026-09-30"", ""cum_date"": ""2026-09-29"", ""recording_date"": ""2026-10-01"", ""payment_date"": ""2026-10-09"", ""dividend_amount"": 406.161}"
CDIA,upcoming_dividend,2026-10-01,"{""ex_date"": ""2026-10-01"", ""cum_date"": ""2026-09-30"", ""recording_date"": ""2026-10-02"", ""payment_date"": ""2026-10-22"", ""dividend_amount"": 1.42218}"
DADA,upcoming_dividend,2026-10-05,"{""ex_date"": ""2026-10-05"", ""cum_date"": ""2026-10-02"", ""recording_date"": ""2026-10-06"", ""payment_date"": ""2026-10-28"", ""dividend_amount"": 0.27}"
NICL,upcoming_dividend,2026-10-05,"{""ex_date"": ""2026-10-05"", ""cum_date"": ""2026-10-02"", ""recording_date"": ""2026-10-06"", ""payment_date"": ""2026-10-14"", ""dividend_amount"": 6.0}"
UNTR,upcoming_dividend,2026-10-07,"{""ex_date"": ""2026-10-07"", ""cum_date"": ""2026-10-06"", ""recording_date"": ""2026-10-08"", ""payment_date"": ""2026-10-26"", ""dividend_amount"": 430.0}"
BRNA,right_issue,2026-10-02,"{""ex_date"": ""2026-10-02"", ""cum_date"": ""2026-10-01"", ""recording_date"": ""2026-10-05"", ""trading_period_start"": ""2026-10-07"", ""trading_period_end"": ""2026-10-14"", ""subscription_date"": ""2026-10-14"", ""price"": 685.0, ""old_ratio"": 9.0, ""new_ratio"": 5.0}"
ENRG,right_issue,2026-10-05,"{""ex_date"": ""2026-10-05"", ""cum_date"": ""2026-10-02"", ""recording_date"": ""2026-10-06"", ""trading_period_start"": ""2026-10-08"", ""trading_period_end"": ""2026-10-21"", ""subscription_date"": ""2026-10-21"", ""price"": 310.0, ""old_ratio"": 2.0, ""new_ratio"": 1.0}"
MGLV,right_issue,2026-11-02,"{""ex_date"": ""2026-11-02"", ""cum_date"": ""2026-10-30"", ""recording_date"": ""2026-11-03"", ""trading_period_start"": ""2026-11-05"", ""trading_period_end"": ""2026-11-18"", ""subscription_date"": ""2026-11-18"", ""price"": 8880.0, ""old_ratio"": 100.0, ""new_ratio"": 15.0}"
CBRE,right_issue,2026-11-03,"{""ex_date"": ""2026-11-03"", ""cum_date"": ""2026-11-02"", ""recording_date"": ""2026-11-04"", ""trading_period_start"": ""2026-11-06"", ""trading_period_end"": ""2026-11-12"", ""subscription_date"": ""2026-11-12"", ""price"": 108.0, ""old_ratio"": 100.0, ""new_ratio"": 260.0}"
BMAS,right_issue,2026-11-24,"{""ex_date"": ""2026-11-24"", ""cum_date"": ""2026-11-23"", ""recording_date"": ""2026-11-25"", ""trading_period_start"": ""2026-11-27"", ""trading_period_end"": ""2026-12-03"", ""subscription_date"": ""2026-12-03"", ""price"": 350.0, ""old_ratio"": 655.0, ""new_ratio"": 104.0}"
PBSA,stock_split,2026-10-14,"{""date"": ""2026-10-14"", ""cum_date"": ""2026-10-13"", ""recording_date"": ""2026-10-15"", ""split_ratio"": 2.0, ""ratio"": ""1:2""}"
BRNA,warrant,2026-10-07,"{""trading_period_start"": ""2026-10-07"", ""trading_period_end"": ""2029-10-03"", ""ex_per_start"": ""2027-04-07"", ""ex_per_end"": ""2029-10-03"", ""maturity_date"": ""2029-10-08"", ""price"": 800.0, ""ratio_warrant"": 1.0, ""ratio_shares"": 3.0}"
