symbol,tanggal,jumlah_pemegang,perubahan_pemegang,jumlah_saham,porsi_ritel_lokal,porsi_reksadana_lokal,porsi_lokal,porsi_ritel_asing,porsi_asing,cakupan
ADRO,2025-01-31,,,30758665900,0.2317,0.0177,0.8115,0.0004,0.1885,1.0000
ADRO,2025-02-28,,,30758665900,0.2251,0.0186,0.8126,0.0004,0.1874,1.0000
ADRO,2025-03-27,,,30758665900,0.2250,0.0154,0.8187,0.0004,0.1813,1.0000
ADRO,2025-04-30,,,30758665900,0.2277,0.0144,0.8257,0.0005,0.1743,1.0000
ADRO,2025-05-28,,,30758665900,0.2440,0.0132,0.8346,0.0004,0.1654,1.0000
ADRO,2025-06-30,,,30758665900,0.2518,0.0131,0.8470,0.0004,0.1530,1.0000
ADRO,2025-07-31,,,30758665900,0.2549,0.0110,0.8494,0.0004,0.1506,1.0000
ADRO,2025-08-29,,,29389689400,0.2803,0.0108,0.8615,0.0005,0.1385,1.0000
ADRO,2025-09-30,189549,,29389689400,0.2943,0.0107,0.8766,0.0004,0.1234,1.0000
ADRO,2025-10-31,204733,-15184,29389689400,0.2892,0.0152,0.8794,0.0004,0.1206,1.0000
ADRO,2025-11-28,207388,2655,29389689400,0.2881,0.0177,0.8893,0.0004,0.1107,1.0000
ADRO,2025-12-30,221560,14172,29389689400,0.2937,0.0157,0.8924,0.0004,0.1076,1.0000
ADRO,2026-01-30,188548,-33012,29389689400,0.2715,0.0217,0.8770,0.0003,0.1230,1.0000
ADRO,2026-02-27,189922,1374,29389689400,0.2691,0.0211,0.8740,0.0003,0.1260,1.0000
ADRO,2026-03-31,178966,-10956,29389689400,0.2608,0.0230,0.8667,0.0003,0.1333,1.0000
ADRO,2026-04-30,191037,12071,29389689400,0.2648,0.0181,0.8642,0.0003,0.1358,1.0000
ADRO,2026-05-29,182989,-8048,29389689400,0.2549,0.0136,0.8536,0.0003,0.1464,1.0000
ADRO,2026-06-30,181610,-1379,29389689400,0.2530,0.0134,0.8525,0.0003,0.1475,1.0000
ADRO,2026-07-31,176474,-5136,28800494200,0.2566,0.0128,0.8480,0.0003,0.1520,1.0000
ADRO,2026-08-31,166703,-9771,28800494200,0.2545,0.0134,0.8483,0.0003,0.1517,1.0000
ANTM,2023-01-31,,,24030764725,0.1157,0.0333,0.2100,0.0005,0.1383,0.3483
ANTM,2023-02-28,,,24030764725,0.1176,0.0284,0.2074,0.0006,0.1410,0.3483
ANTM,2023-03-31,,,24030764725,0.1248,0.0237,0.2086,0.0006,0.1397,0.3483
ANTM,2023-04-28,,,24030764725,0.1185,0.0227,0.1950,0.0005,0.1533,0.3483
ANTM,2023-05-31,,,24030764725,0.1187,0.0198,0.1935,0.0006,0.1548,0.3483
ANTM,2023-06-27,,,24030764725,0.1195,0.0206,0.1936,0.0005,0.1547,0.3483
ANTM,2023-07-31,,,24030764725,0.1203,0.0209,0.1969,0.0009,0.1514,0.3483
ANTM,2023-08-31,,,24030764725,0.1199,0.0239,0.2024,0.0009,0.1460,0.3483
ANTM,2023-09-29,,,24030764725,0.1248,0.0215,0.2057,0.0006,0.1426,0.3484
ANTM,2023-10-31,,,24030764725,0.1286,0.0217,0.2082,0.0005,0.1402,0.3484
ANTM,2023-11-30,,,24030764725,0.1335,0.0190,0.2068,0.0005,0.1415,0.3484
ANTM,2023-12-29,,,24030764725,0.1360,0.0193,0.2078,0.0005,0.1406,0.3484
ANTM,2024-01-31,,,24030764725,0.1416,0.0201,0.2127,0.0005,0.1357,0.3484
ANTM,2024-02-29,,,24030764725,0.1446,0.0193,0.2148,0.0005,0.1336,0.3484
ANTM,2024-03-28,,,24030764725,0.1387,0.0210,0.2161,0.0005,0.1323,0.3484
ANTM,2024-04-30,,,24030764725,0.1346,0.0227,0.2143,0.0006,0.1340,0.3484
ANTM,2024-05-31,,,24030764725,0.1382,0.0262,0.2199,0.0007,0.1285,0.3484
ANTM,2024-06-28,,,24030764725,0.1503,0.0207,0.2231,0.0006,0.1253,0.3484
ANTM,2024-07-31,,,24030764725,0.1554,0.0188,0.2245,0.0005,0.1238,0.3484
ANTM,2024-08-30,,,24030764725,0.1544,0.0205,0.2270,0.0005,0.1214,0.3484
ANTM,2024-09-30,,,24030764725,0.1665,0.0270,0.2498,0.0005,0.0986,0.3484
ANTM,2024-10-31,,,24030764725,0.1482,0.0312,0.2387,0.0005,0.1097,0.3484
ANTM,2024-11-29,,,24030764725,0.1422,0.0321,0.2346,0.0005,0.1138,0.3484
ANTM,2024-12-30,,,24030764725,0.1365,0.0329,0.2332,0.0005,0.1152,0.3484
ANTM,2025-01-31,,,24030764725,0.1355,0.0335,0.2329,0.0005,0.1155,0.3484
ANTM,2025-02-28,,,24030764725,0.1266,0.0343,0.2247,0.0004,0.1237,0.3484
ANTM,2025-03-27,,,24030764725,0.1206,0.0369,0.2244,0.0004,0.1240,0.3484
ANTM,2025-04-30,,,24030764725,0.1060,0.0321,0.1971,0.0005,0.1513,0.3484
ANTM,2025-05-28,,,24030764725,0.0828,0.0246,0.1552,0.0003,0.1932,0.3484
ANTM,2025-06-30,,,24030764725,0.0745,0.0206,0.1357,0.0004,0.2127,0.3484
ANTM,2025-07-31,,,24030764725,0.0773,0.0210,0.1409,0.0004,0.2075,0.3484
ANTM,2025-08-29,,,24030764725,0.0820,0.0194,0.1429,0.0007,0.2055,0.3484
ANTM,2025-09-30,226603,,24030764725,0.0826,0.0171,0.1375,0.0003,0.2109,0.3484
ANTM,2025-10-31,215941,10662,24030764725,0.0826,0.0150,0.1341,0.0002,0.2144,0.3484
ANTM,2025-11-28,236894,20953,24030764725,0.0965,0.0178,0.1541,0.0002,0.1943,0.3484
ANTM,2025-12-30,223700,-13194,24030764725,0.0885,0.0192,0.1422,0.0002,0.2062,0.3484
ANTM,2026-01-30,226051,2351,24030764725,0.0742,0.0266,0.1310,0.0002,0.2175,0.3484
ANTM,2026-02-27,219088,-6963,24030764725,0.0720,0.0301,0.1379,0.0003,0.2106,0.3484
ANTM,2026-03-31,240673,21585,24030764725,0.0766,0.0314,0.1449,0.0002,0.2035,0.3484
ANTM,2026-04-30,218250,-22423,24030764725,0.0755,0.0378,0.1585,0.0002,0.1900,0.3484
ANTM,2026-05-29,244558,26308,24030764725,0.0911,0.0353,0.1749,0.0003,0.1735,0.3484
ANTM,2026-06-30,265094,20536,24030764725,0.0943,0.0345,0.1803,0.0003,0.1681,0.3484
ANTM,2026-07-31,264817,-277,24030764725,0.0920,0.0344,0.1752,0.0003,0.1732,0.3484
ANTM,2026-08-31,250149,-14668,24030764725,0.0890,0.0316,0.1692,0.0003,0.1793,0.3484
BBRI,2026-01-30,705599,-17861,151559001604,0.0816,0.0125,0.1774,0.0002,0.2906,0.4681
BBRI,2026-02-27,681921,-23678,151559001604,0.0777,0.0130,0.1749,0.0002,0.2932,0.4681
BBRI,2026-03-31,720046,38126,151559001604,0.0828,0.0132,0.1802,0.0002,0.2879,0.4681
BBRI,2026-04-30,738695,18649,151559001604,0.0954,0.0130,0.1923,0.0002,0.2758,0.4681
BBRI,2026-05-29,729413,-9282,151559001604,0.0957,0.0138,0.1936,0.0002,0.2744,0.4681
BBRI,2026-06-30,778610,49197,151559001604,0.1053,0.0139,0.2045,0.0002,0.2635,0.4681
BBRI,2026-07-31,782991,4381,151559001604,0.1080,0.0141,0.2085,0.0002,0.2595,0.4681
BBRI,2026-08-31,755654,-27337,151559001604,0.1050,0.0140,0.2057,0.0002,0.2624,0.4681
BREN,2026-01-30,32103,-4635,133786220000,0.0027,0.0000,0.0106,0.0000,0.3480,0.3586
BREN,2026-02-27,32010,-93,133786220000,0.0027,0.0000,0.0105,0.0000,0.3482,0.3586
BREN,2026-03-31,29147,-2863,133786220000,0.0027,0.0000,0.0105,0.0000,0.3481,0.3586
BREN,2026-04-30,34288,5141,133786220000,0.0028,0.0000,0.0193,0.0000,0.3481,0.3674
BREN,2026-05-29,37361,3073,133786220000,0.0038,0.0000,0.0213,0.0001,0.3461,0.3674
BREN,2026-06-30,39820,2459,133786220000,0.0038,0.0003,0.0222,0.0001,0.3452,0.3674
BREN,2026-07-31,43574,3754,133786220000,0.0040,0.0004,0.0223,0.0001,0.3451,0.3674
BREN,2026-08-31,44347,773,133786220000,0.0042,0.0003,0.0224,0.0001,0.3450,0.3674
BUMI,2021-01-29,,,74274746007,0.4041,0.0274,0.5534,0.0086,0.4459,0.9993
BUMI,2021-02-26,,,74274746007,0.4297,0.0293,0.5827,0.0091,0.4166,0.9993
BUMI,2021-03-31,,,74274746007,0.4425,0.0296,0.5957,0.0104,0.4036,0.9993
BUMI,2021-04-30,,,74274746007,0.4444,0.0266,0.5948,0.0108,0.4045,0.9993
BUMI,2021-05-31,,,74274746007,0.4521,0.0238,0.5976,0.0110,0.4017,0.9993
BUMI,2021-06-30,,,74274746007,0.4580,0.0210,0.6017,0.0107,0.3976,0.9993
BUMI,2021-07-30,,,74274746007,0.4622,0.0169,0.6010,0.0107,0.3983,0.9993
BUMI,2021-08-31,,,74274746007,0.4618,0.0181,0.6012,0.0098,0.3980,0.9993
BUMI,2021-09-30,,,74274746007,0.4643,0.0192,0.6045,0.0094,0.3948,0.9993
BUMI,2021-10-29,,,74274746007,0.4600,0.0235,0.6044,0.0100,0.3949,0.9993
BUMI,2021-11-30,,,74274746007,0.4570,0.0306,0.6071,0.0087,0.3921,0.9993
BUMI,2021-12-30,,,74274746007,0.4552,0.0329,0.6070,0.0088,0.3922,0.9993
BUMI,2022-01-31,,,74274746007,0.4548,0.0398,0.6116,0.0088,0.3877,0.9993
BUMI,2022-02-25,,,108772794052,0.3423,0.0281,0.4506,0.0062,0.5490,0.9995
BUMI,2022-03-31,,,115634113853,0.4342,0.0426,0.5666,0.0095,0.4329,0.9995
BUMI,2022-04-28,,,125857665959,0.4373,0.0438,0.5714,0.0093,0.4282,0.9996
BUMI,2022-05-31,,,128859473085,0.4763,0.0467,0.6188,0.0116,0.3808,0.9996
BUMI,2022-06-30,,,128859473085,0.4894,0.0492,0.6451,0.0069,0.3544,0.9996
BUMI,2022-07-29,,,134933847727,0.4399,0.0431,0.5928,0.0161,0.4068,0.9996
BUMI,2022-08-31,,,140035737233,0.4180,0.0387,0.5666,0.0205,0.4330,0.9996
BUMI,2022-09-30,,,143841242189,0.4085,0.0412,0.5697,0.0115,0.4299,0.9996
BUMI,2022-10-31,,,343841242189,0.1702,0.0163,0.2406,0.0022,0.7592,0.9998
BUMI,2022-11-30,,,343841242189,0.1572,0.0147,0.2246,0.0026,0.7754,0.9999
BUMI,2022-12-30,,,371320676795,0.1434,0.0138,0.2071,0.0025,0.7928,0.9999
BUMI,2023-01-31,,,371320676795,0.1436,0.0113,0.2045,0.0022,0.7954,0.9999
BUMI,2023-02-28,,,371320676795,0.1442,0.0105,0.2039,0.0025,0.7960,0.9999
BUMI,2023-03-31,,,371320705024,0.1412,0.0104,0.2006,0.0026,0.7993,0.9999
BUMI,2023-04-28,,,371320705024,0.1402,0.0102,0.1998,0.0027,0.8001,0.9999
BUMI,2023-05-31,,,371320705024,0.1384,0.0094,0.1959,0.0029,0.8040,0.9999
BUMI,2023-06-27,,,371320705024,0.1371,0.0094,0.1939,0.0014,0.8060,0.9999
BUMI,2023-07-31,,,371320705024,0.1342,0.0097,0.1895,0.0021,0.8104,0.9999
BUMI,2023-08-31,,,371320705024,0.1287,0.0091,0.1815,0.0021,0.8184,0.9999
BUMI,2023-09-29,,,371320705024,0.1271,0.0088,0.1788,0.0018,0.8211,0.9999
BUMI,2023-10-31,,,371320705024,0.1261,0.0088,0.1788,0.0017,0.8211,0.9999
BUMI,2023-11-30,,,371320705024,0.1172,0.0088,0.1698,0.0016,0.8301,0.9999
BUMI,2023-12-29,,,371320705024,0.1229,0.0089,0.1733,0.0017,0.8266,0.9999
BUMI,2024-01-31,,,371320705024,0.1224,0.0089,0.1758,0.0020,0.8241,0.9999
BUMI,2024-02-29,,,371320705024,0.1222,0.0087,0.1748,0.0020,0.8251,0.9999
BUMI,2024-03-28,,,371320705024,0.1238,0.0086,0.1751,0.0016,0.8247,0.9998
BUMI,2024-04-30,,,371320705024,0.1240,0.0081,0.1761,0.0019,0.8238,0.9999
BUMI,2024-05-31,,,371320705024,0.1237,0.0092,0.1766,0.0017,0.8233,0.9999
BUMI,2024-06-28,,,371320705024,0.1245,0.0078,0.1764,0.0018,0.8235,0.9999
BUMI,2024-07-31,,,371320705024,0.1235,0.0080,0.1758,0.0019,0.8241,0.9999
BUMI,2024-08-30,,,371320705024,0.1222,0.0085,0.1754,0.0021,0.8245,0.9999
BUMI,2024-09-30,,,371320705024,0.1190,0.0087,0.1751,0.0036,0.8249,0.9999
BUMI,2024-10-31,,,371320723144,0.1178,0.0099,0.1767,0.0044,0.8232,0.9999
BUMI,2024-11-29,,,371322136553,0.1192,0.0120,0.1752,0.0040,0.8247,0.9999
BUMI,2024-12-30,,,371335392068,0.1218,0.0119,0.1816,0.0013,0.8183,0.9999
BUMI,2025-01-31,,,371335392068,0.1254,0.0114,0.1824,0.0013,0.8175,0.9999
BUMI,2025-02-28,,,371335392068,0.1236,0.0109,0.1816,0.0013,0.8183,0.9999
BUMI,2025-03-27,,,371335392068,0.1266,0.0110,0.1818,0.0015,0.8181,0.9999
BUMI,2025-04-30,,,371335392068,0.1269,0.0130,0.1836,0.0015,0.8163,0.9999
BUMI,2025-05-28,,,371335392068,0.1301,0.0133,0.1881,0.0015,0.8118,0.9999
BUMI,2025-06-30,,,371335392068,0.1343,0.0127,0.1964,0.0014,0.8035,0.9999
BUMI,2025-07-31,,,371335392068,0.1381,0.0131,0.1987,0.0011,0.8013,0.9999
BUMI,2025-08-29,,,371335392068,0.1363,0.0126,0.1963,0.0012,0.8037,0.9999
BUMI,2025-09-30,226137,,371335392068,0.1321,0.0134,0.1892,0.0010,0.8107,0.9999
BUMI,2025-10-31,191942,34195,371335392068,0.1495,0.0122,0.2050,0.0010,0.7950,0.9999
BUMI,2025-11-28,214738,22796,371335392068,0.1501,0.0144,0.2139,0.0008,0.7860,0.9999
BUMI,2025-12-30,362993,148255,371335392068,0.1596,0.0137,0.2274,0.0012,0.7725,0.9999
BUMI,2026-01-30,550806,187813,371335392068,0.1922,0.0110,0.2489,0.0009,0.7510,0.9999
BUMI,2026-02-27,586931,36125,371335392068,0.2276,0.0139,0.2943,0.0011,0.7056,0.9999
BUMI,2026-03-31,591364,4433,371335392068,0.2240,0.0123,0.2884,0.0010,0.7115,0.9999
BUMI,2026-04-30,579249,-12115,371335392068,0.2279,0.0147,0.3009,0.0011,0.6990,0.9999
BUMI,2026-05-29,590547,11298,371335392068,0.2346,0.0135,0.3004,0.0019,0.6995,0.9999
BUMI,2026-06-30,595303,4756,371335392068,0.2388,0.0155,0.3034,0.0011,0.6965,0.9999
BUMI,2026-07-31,577851,-17452,371335392068,0.2424,0.0184,0.3085,0.0011,0.6914,0.9999
BUMI,2026-08-31,546718,-31133,371335392068,0.2399,0.0189,0.3104,0.0013,0.6895,0.9999
MDKA,2025-01-31,,,24472983771,0.1678,0.0192,0.7147,0.0112,0.2455,0.9602
MDKA,2025-02-28,,,24472983771,0.1675,0.0216,0.7212,0.0112,0.2390,0.9602
MDKA,2025-03-27,,,24472983771,0.1729,0.0271,0.7469,0.0114,0.2133,0.9602
MDKA,2025-04-30,,,24472983771,0.1783,0.0242,0.7502,0.0116,0.2100,0.9602
MDKA,2025-05-28,,,24472983771,0.1742,0.0248,0.7499,0.0115,0.2103,0.9602
MDKA,2025-06-30,,,24472983771,0.1755,0.0273,0.7531,0.0112,0.2072,0.9602
MDKA,2025-07-31,,,24472983771,0.1715,0.0271,0.7503,0.0110,0.2099,0.9602
MDKA,2025-08-29,,,24472983771,0.1793,0.0257,0.7434,0.0110,0.2168,0.9602
MDKA,2025-09-30,40371,,24472983771,0.1915,0.0216,0.7408,0.0109,0.2194,0.9602
MDKA,2025-10-31,52662,-12291,24472983771,0.1860,0.0248,0.7340,0.0113,0.2263,0.9602
MDKA,2025-11-28,48691,-3971,24472983771,0.1835,0.0248,0.7326,0.0114,0.2277,0.9602
MDKA,2025-12-30,51491,2800,24472983771,0.1839,0.0223,0.7271,0.0128,0.2331,0.9602
MDKA,2026-01-30,46777,-4714,24472983771,0.1685,0.0275,0.7114,0.0131,0.2489,0.9602
MDKA,2026-02-27,38164,-5621,24472983771,0.1596,0.0294,0.7043,0.0135,0.2559,0.9602
MDKA,2026-03-31,41185,3021,24472983771,0.1558,0.0291,0.6990,0.0136,0.2612,0.9602
MDKA,2026-04-30,41823,638,24472983771,0.1538,0.0321,0.6948,0.0151,0.2654,0.9602
MDKA,2026-05-29,46520,4697,24472983771,0.1575,0.0233,0.6821,0.0138,0.2781,0.9602
MDKA,2026-06-30,44270,-2250,24472983771,0.1508,0.0244,0.6751,0.0159,0.2852,0.9602
MDKA,2026-07-31,44441,171,24472983771,0.1490,0.0246,0.6749,0.0144,0.2853,0.9602
MDKA,2026-08-31,42571,-1870,24472983771,0.1464,0.0232,0.6721,0.0143,0.2881,0.9602
MGLV,2024-01-31,,,1904883411,0.2125,0.0000,0.2126,0.0000,0.0000,0.2126
MGLV,2024-02-29,,,1904883411,0.2125,0.0000,0.2126,0.0000,0.0000,0.2126
MGLV,2024-03-28,,,1904883411,0.2125,0.0000,0.2126,0.0000,0.0000,0.2126
MGLV,2024-04-30,,,1904883411,0.2125,0.0000,0.2126,0.0000,0.0000,0.2126
MGLV,2024-05-31,,,1904883411,0.2125,0.0000,0.2126,0.0000,0.0000,0.2126
MGLV,2024-06-28,,,1904883411,0.2125,0.0000,0.2126,0.0000,0.0000,0.2126
MGLV,2024-07-31,,,1904883411,0.2125,0.0000,0.2126,0.0000,0.0000,0.2126
MGLV,2024-08-30,,,1904883411,0.2125,0.0000,0.2126,0.0000,0.0000,0.2126
MGLV,2024-09-30,,,1904883411,0.2125,0.0000,0.2126,0.0000,0.0000,0.2126
MGLV,2024-10-31,,,1904883411,0.2124,0.0000,0.2126,0.0000,0.0000,0.2126
MGLV,2024-11-29,,,1904883411,0.2121,0.0000,0.2126,0.0000,0.0000,0.2126
MGLV,2024-12-30,,,1904883411,0.2122,0.0000,0.2125,0.0000,0.0000,0.2126
MGLV,2025-01-31,,,1904883411,0.2124,0.0000,0.2125,0.0001,0.0001,0.2126
MGLV,2025-02-28,,,1904883411,0.2124,0.0000,0.2125,0.0001,0.0001,0.2126
MGLV,2025-03-27,,,1904883411,0.2123,0.0000,0.2124,0.0001,0.0001,0.2126
MGLV,2025-04-30,,,1904883411,0.2124,0.0000,0.2124,0.0001,0.0001,0.2126
MGLV,2025-05-28,,,1904883411,0.2124,0.0000,0.2125,0.0001,0.0001,0.2126
MGLV,2025-06-30,,,1904883411,0.2124,0.0000,0.8687,0.0001,0.0001,0.8688
MGLV,2025-07-31,,,1904883411,0.2124,0.0000,0.9998,0.0001,0.0002,1.0000
MGLV,2025-08-29,,,1904883411,0.2124,0.0000,0.9999,0.0001,0.0001,1.0000
MGLV,2025-09-30,990,,1904883411,0.2120,0.0000,0.9997,0.0001,0.0003,1.0000
MGLV,2025-10-31,1010,-20,1904883411,0.2120,0.0000,0.9997,0.0001,0.0003,1.0000
MGLV,2025-11-28,736,-274,1904883411,0.2116,0.0000,0.9996,0.0001,0.0004,1.0000
MGLV,2025-12-30,685,-51,1904883411,0.2117,0.0000,0.9995,0.0001,0.0005,1.0000
MGLV,2026-01-30,696,11,1904883411,0.2119,0.0000,0.9995,0.0001,0.0005,1.0000
MGLV,2026-02-27,907,211,1904883411,0.0439,0.0000,0.9644,0.0000,0.0356,1.0000
MGLV,2026-03-31,721,-186,1904883411,0.0439,0.0000,0.9642,0.0000,0.0358,1.0000
MGLV,2026-04-30,666,-55,1904883411,0.0441,0.0000,0.9644,0.0000,0.0356,1.0000
MGLV,2026-05-29,692,26,1904883411,0.0441,0.0000,0.9644,0.0000,0.0356,1.0000
MGLV,2026-06-30,743,51,1904883411,0.0344,0.0000,0.9645,0.0000,0.0355,1.0000
MGLV,2026-07-31,935,192,1904883411,0.0485,0.0000,0.9646,0.0000,0.0354,1.0000
MGLV,2026-08-31,1389,454,1904883411,0.0667,0.0045,0.9517,0.0000,0.0483,1.0000
PTBA,2026-01-30,140055,-7700,11520659250,0.1556,0.0104,0.2385,0.0006,0.0988,0.3373
PTBA,2026-02-27,130240,-9815,11520659250,0.1512,0.0129,0.2363,0.0005,0.1010,0.3373
PTBA,2026-03-31,114869,-15371,11520659250,0.1203,0.0198,0.2154,0.0005,0.1219,0.3373
PTBA,2026-04-30,117767,2898,11520659250,0.1156,0.0204,0.2120,0.0006,0.1253,0.3373
PTBA,2026-05-29,119781,2014,11520659250,0.1146,0.0209,0.2116,0.0006,0.1257,0.3373
PTBA,2026-06-30,127521,7740,11520659250,0.1181,0.0189,0.2139,0.0006,0.1234,0.3373
PTBA,2026-07-31,129806,2285,11520659250,0.1214,0.0187,0.2148,0.0006,0.1225,0.3373
PTBA,2026-08-31,128664,-1142,11520659250,0.1236,0.0176,0.2147,0.0006,0.1226,0.3373
