bulan,rupiah_per_usd,sumber
2022-12,15615.0,"FRED CCUSMA02IDM618N (OECD), rata-rata bulanan"
2023-01,15286.9545454545,"FRED CCUSMA02IDM618N (OECD), rata-rata bulanan"
2023-02,15126.0,"FRED CCUSMA02IDM618N (OECD), rata-rata bulanan"
2023-03,15306.9130434783,"FRED CCUSMA02IDM618N (OECD), rata-rata bulanan"
2023-04,14846.6,"FRED CCUSMA02IDM618N (OECD), rata-rata bulanan"
2023-05,14808.2173913043,"FRED CCUSMA02IDM618N (OECD), rata-rata bulanan"
2023-06,14948.1818181818,"FRED CCUSMA02IDM618N (OECD), rata-rata bulanan"
2023-07,15038.1904761905,"FRED CCUSMA02IDM618N (OECD), rata-rata bulanan"
2023-08,15249.5217391304,"FRED CCUSMA02IDM618N (OECD), rata-rata bulanan"
2023-09,15359.4285714286,"FRED CCUSMA02IDM618N (OECD), rata-rata bulanan"
2023-10,15741.2272727273,"FRED CCUSMA02IDM618N (OECD), rata-rata bulanan"
2023-11,15617.4090909091,"FRED CCUSMA02IDM618N (OECD), rata-rata bulanan"
2023-12,15515.2380952381,"FRED CCUSMA02IDM618N (OECD), rata-rata bulanan"
2024-01,15602.347826087,"FRED CCUSMA02IDM618N (OECD), rata-rata bulanan"
2024-02,15669.3333333333,"FRED CCUSMA02IDM618N (OECD), rata-rata bulanan"
2024-03,15705.5238095238,"FRED CCUSMA02IDM618N (OECD), rata-rata bulanan"
2024-04,16047.3636363636,"FRED CCUSMA02IDM618N (OECD), rata-rata bulanan"
2024-05,16083.3043478261,"FRED CCUSMA02IDM618N (OECD), rata-rata bulanan"
2024-06,16325.05,"FRED CCUSMA02IDM618N (OECD), rata-rata bulanan"
2024-07,16261.652173913,"FRED CCUSMA02IDM618N (OECD), rata-rata bulanan"
2024-08,15793.1818181818,"FRED CCUSMA02IDM618N (OECD), rata-rata bulanan"
2024-09,15345.0476190476,"FRED CCUSMA02IDM618N (OECD), rata-rata bulanan"
2024-10,15541.347826087,"FRED CCUSMA02IDM618N (OECD), rata-rata bulanan"
2024-11,15814.8095238095,"FRED CCUSMA02IDM618N (OECD), rata-rata bulanan"
2024-12,16035.8181818182,"FRED CCUSMA02IDM618N (OECD), rata-rata bulanan"
2025-01,16259.4782608696,"FRED CCUSMA02IDM618N (OECD), rata-rata bulanan"
2025-02,16337.9,"FRED CCUSMA02IDM618N (OECD), rata-rata bulanan"
2025-03,16468.7142857143,"FRED CCUSMA02IDM618N (OECD), rata-rata bulanan"
2025-04,16768.4090909091,"FRED CCUSMA02IDM618N (OECD), rata-rata bulanan"
2025-05,16444.6818181818,"FRED CCUSMA02IDM618N (OECD), rata-rata bulanan"
2025-06,16309.1428571429,"FRED CCUSMA02IDM618N (OECD), rata-rata bulanan"
2025-07,16276.4347826087,"FRED CCUSMA02IDM618N (OECD), rata-rata bulanan"
2025-08,16299.2857142857,"FRED CCUSMA02IDM618N (OECD), rata-rata bulanan"
2025-09,16508.1818181818,"FRED CCUSMA02IDM618N (OECD), rata-rata bulanan"
2025-10,16607.347826087,"FRED CCUSMA02IDM618N (OECD), rata-rata bulanan"
2025-11,16703.05,"FRED CCUSMA02IDM618N (OECD), rata-rata bulanan"
2025-12,16707.1304347826,"FRED CCUSMA02IDM618N (OECD), rata-rata bulanan"
2026-01,16827.9545454545,"FRED CCUSMA02IDM618N (OECD), rata-rata bulanan"
2026-02,16825.7,"FRED CCUSMA02IDM618N (OECD), rata-rata bulanan"
2026-03,16929.3636363636,"FRED CCUSMA02IDM618N (OECD), rata-rata bulanan"
2026-04,17134.4545454545,"FRED CCUSMA02IDM618N (OECD), rata-rata bulanan"
2026-05,17550.8571428571,"FRED CCUSMA02IDM618N (OECD), rata-rata bulanan"
2026-06,17917.0909090909,"FRED CCUSMA02IDM618N (OECD), rata-rata bulanan"
2026-07,18007.5652173913,"FRED CCUSMA02IDM618N (OECD), rata-rata bulanan"
2026-08,17844.0,"FRED CCUSMA02IDM618N (OECD), rata-rata bulanan"
