kriteria,status,keterangan,sumber
1,dihapus 28 Sep 2026,"Harga rata-rata < Rp51, nilai transaksi rata-rata harian < Rp5 juta, dan volume rata-rata harian < 10.000 saham selama 3 bulan terakhir di pasar reguler",CNBC Indonesia 28 Sep 2026; IDX Channel
2,berlaku,Laporan Keuangan Auditan terakhir mendapatkan opini tidak menyatakan pendapat (disclaimer).,Daftar kriteria BEI (tangkapan layar)
3,berlaku,Tidak membukukan pendapatan atau tidak terdapat perubahan pendapatan pada Laporan Keuangan Auditan dan/atau Laporan Keuangan Interim terakhir dibandingkan dengan laporan keuangan yang disampaikan sebelumnya.,Daftar kriteria BEI (tangkapan layar)
4,berlaku,Perusahaan Tercatat yang merupakan perusahaan tambang minerba atau induk dari perusahaan tambang minerba yang belum memperoleh pendapatan dari core business hingga tahun buku ke-4 (keempat) sejak tercatat di Bursa.,Daftar kriteria BEI (tangkapan layar)
5,berlaku,Memiliki ekuitas negatif pada laporan keuangan terakhir.,Daftar kriteria BEI (tangkapan layar)
6,dihapus 28 Sep 2026,"Tidak memenuhi persyaratan pencatatan Papan Utama/Pengembangan/Akselerasi (Peraturan I-A atau I-V), dengan pengecualian tertentu untuk free float",CNBC Indonesia 28 Sep 2026; IDX Channel
7,dihapus 28 Sep 2026,Likuiditas rendah: nilai transaksi rata-rata harian < Rp5 juta dan volume rata-rata harian < 10.000 saham selama 3 bulan terakhir,CNBC Indonesia 28 Sep 2026; IDX Channel
8,berlaku,"Perusahaan Tercatat dalam kondisi dimohonkan PKPU, pailit, atau pembatalan perdamaian.",Daftar kriteria BEI (tangkapan layar)
9,berlaku,"Anak perusahaan yang kontribusi pendapatannya material terhadap Perusahaan Tercatat, dalam kondisi dimohonkan PKPU, pailit, atau pembatalan perdamaian.",Daftar kriteria BEI (tangkapan layar)
10,dihapus 28 Sep 2026,Dikenakan penghentian sementara perdagangan (suspensi) lebih dari 1 hari bursa karena aktivitas perdagangan,CNBC Indonesia 28 Sep 2026
11,berlaku,Kondisi lain yang ditetapkan oleh Bursa setelah memperoleh persetujuan atau perintah Otoritas Jasa Keuangan.,Daftar kriteria BEI (tangkapan layar)
