symbol,nama,free_float,market_cap,tenggat,target_pertama,tanggal_tenggat,nilai_perlu_dilepas_idr,rata2_nilai_transaksi_60h,hari_bursa_terpakai,hari_serap
BREN,PT Barito Renewables Energy Tbk.,0.12693,405372246600000,2027 (15%),0.15,2027-03-31,9351937729062.002,117403864083.33333,60,79.65613229240897
HMSP,HM Sampoerna Tbk,0.0756,73861978831500,"2027 (12,5%) lalu 2028 (15%)",0.125,2027-03-31,3648781754276.1,12085621191.666666,60,301.9109813562604
CDIA,PT Chandra Daya Investasi Tbk,0.09901,71776890452500,"2027 (12,5%) lalu 2028 (15%)",0.125,2027-03-31,1865481382860.4749,38152768583.333336,60,48.89504620839999
BNLI,Bank Permata Tbk,0.1088,70922700931500,"2027 (12,5%) lalu 2028 (15%)",0.125,2027-03-31,1148947755090.3005,172656083.33333334,60,6654.545457701126
BRIS,PT Bank Syariah Indonesia Tbk,0.0991,68958495234890,"2027 (12,5%) lalu 2028 (15%)",0.125,2027-03-31,1786025026583.6514,29257178400.0,60,61.045703114817506
UNVR,Unilever Indonesia Tbk,0.1457,62375250000000,2027 (15%),0.15,2027-03-31,268213574999.99988,25588337750.0,60,10.481867857946336
ADMR,PT Alamtri Minerals Indonesia Tbk,0.14552,62345555537500,2027 (15%),0.15,2027-03-31,279308088807.999,48341460558.333336,60,5.777816507446227
NCKL,PT Trimegah Bangun Persada Tbk,0.1376,55842261000000,2027 (15%),0.15,2027-03-31,692444036399.9996,42061251108.333336,60,16.462754153853734
PGUN,PT Pradiksi Gunatama Tbk,0.0762,52931655936450,"2027 (12,5%) lalu 2028 (15%)",0.125,2027-03-31,2583064809698.76,930161125.0,60,2777.007918599866
SUPR,Solusi Tunas Pratama Tbk,0.0267,49882869757300,"2027 (12,5%) lalu 2028 (15%)",0.125,2027-03-31,4903486097142.59,0.0,60,
BNGA,PT Bank CIMB Niaga Tbk,0.08516,43061055946320,"2027 (12,5%) lalu 2028 (15%)",0.125,2027-03-31,1715552468901.389,4003896483.3333335,60,428.470734955953
GEMS,Golden Energy Mines Tbk,0.1201,42794118075000,"2027 (12,5%) lalu 2028 (15%)",0.125,2027-03-31,209691178567.50006,639693708.3333334,60,327.7993449612507
PGEO,PT Pertamina Geothermal Energy Tbk,0.11092,42364855236240,"2027 (12,5%) lalu 2028 (15%)",0.125,2027-03-31,596497161726.259,20942060466.666668,60,28.483212655970476
BDMN,PT Bank Danamon Indonesia Tbk,0.0749,41315740046070,"2027 (12,5%) lalu 2028 (15%)",0.125,2027-03-31,2069918576308.1072,8525387516.666667,60,242.79466150500835
MTEL,PT Dayamitra Telekomunikasi Tbk,0.13034,37936093559576,2027 (15%),0.15,2027-03-31,745823599381.2635,19341579353.333332,60,38.56063591067232
TBIG,PT Tower Bersama Infrastructure Tbk,0.08198,32739364198025,"2027 (12,5%) lalu 2028 (15%)",0.125,2027-03-31,1408447447799.0356,893995816.6666666,60,1575.4519445633898
MYOR,Mayora Indah Tbk,0.1419,31413973113625,2027 (15%),0.15,2027-03-31,254453182220.36237,18113122325.0,60,14.048002197233677
JARR,PT Jhonlin Agro Raya Tbk,0.1336,30461194665000,2027 (15%),0.15,2027-03-31,499563592505.99994,45347986483.333336,60,11.01622434084485
NISP,PT Bank OCBC NISP Tbk,0.14898,28281141159840,2027 (15%),0.15,2027-03-31,28846763983.036606,4771241850.0,60,6.045965576663569
FAPA,PT FAP Agri Tbk,0.0987,26857647320000,"2027 (12,5%) lalu 2028 (15%)",0.125,2027-03-31,706356124516.0001,68934500.0,60,10246.772291320023
MAPI,Mitra Adiperkasa Tbk,0.1276,25730000000000,2027 (15%),0.15,2027-03-31,576352000000.0001,34661765283.333336,60,16.62788941327035
BTPN,PT Bank SMBC Indonesia Tbk,0.08947,24865440708400,"2027 (12,5%) lalu 2028 (15%)",0.125,2027-03-31,883469108369.4521,58083116.666666664,60,15210.428762622969
GIAA,Garuda Indonesia (Persero) Tbk,0.08888,22797135414872,"2027 (12,5%) lalu 2028 (15%)",0.125,2027-03-31,823432531185.1766,13954910108.333334,60,59.006652482372814
ADES,Akasha Wira International Tbk,0.08228,21619717720000,"2027 (12,5%) lalu 2028 (15%)",0.125,2027-03-31,923594340998.3999,1274154458.3333333,60,724.8684293790519
CBDK,PT Bangun Kosambi Sukses Tbk,0.122,19331100745000,"2027 (12,5%) lalu 2028 (15%)",0.125,2027-03-31,57993302235.00005,8566027283.333333,60,6.770151473581682
LIFE,PT MSIG Life Insurance Indonesia Tbk,0.075,18112500000000,"2027 (12,5%) lalu 2028 (15%)",0.125,2027-03-31,905625000000.0,189758041.66666666,60,4772.525011566265
SOHO,PT Soho Global Health Tbk,0.09242,17387604874300,"2027 (12,5%) lalu 2028 (15%)",0.125,2027-03-31,566488166804.694,321863658.3333333,60,1760.0252533574912
SMAR,PT Sinar Mas Agro Resources and Technology Tbk,0.076,17161355361850,"2027 (12,5%) lalu 2028 (15%)",0.125,2027-03-31,840906412730.65,547061658.3333334,60,1537.132789186027
BBHI,PT Allo Bank Indonesia Tbk,0.1402,16995233562830,2027 (15%),0.15,2027-03-31,166553288915.73404,7793801541.666667,60,21.369967919418876
FASW,Fajar Surya Wisesa Tbk,0.0022,16992122356325,"2027 (12,5%) lalu 2028 (15%)",0.125,2027-03-31,2086632625356.7102,0.0,60,
SUPA,PT Super Bank Indonesia Tbk,0.12317,16309211060700,"2027 (12,5%) lalu 2028 (15%)",0.125,2027-03-31,29845856241.08097,8650611925.0,60,3.4501439319948424
JRPT,Jaya Real Property Tbk,0.1481,14847326965000,2027 (15%),0.15,2027-03-31,28209921233.49978,811323883.3333334,60,34.77023395095803
MLBI,Multi Bintang Indonesia Tbk,0.1068,14380275000000,"2027 (12,5%) lalu 2028 (15%)",0.125,2027-03-31,261721004999.9999,802359625.0,60,326.18915115525647
BSSR,Baramulti Suksessarana Tbk,0.09259,14129100000000,"2027 (12,5%) lalu 2028 (15%)",0.125,2027-03-31,457924130999.99994,6350056991.666667,60,72.11338915555322
BNII,PT Bank Maybank Indonesia Tbk,0.1229,14091840141357,"2027 (12,5%) lalu 2028 (15%)",0.125,2027-03-31,29592864296.849766,255909181.66666666,60,115.63814984722126
PSAB,J Resources Asia Pasifik Tbk,0.075,14023800000000,"2027 (12,5%) lalu 2028 (15%)",0.125,2027-03-31,701190000000.0,46807459838.333336,60,14.980304473300107
CITA,Cita Mineral Investindo Tbk,0.07932,13386021025000,"2027 (12,5%) lalu 2028 (15%)",0.125,2027-03-31,611473440422.0,336019300.0,60,1819.7569021243721
MCOL,PT Prima Andalan Mandiri Tbk,0.0966,12764460400000,"2027 (12,5%) lalu 2028 (15%)",0.125,2027-03-31,362510675359.99994,99230850.0,60,3653.2053828018197
CMNT,PT Cemindo Gemilang Tbk,0.1263,12672872960000,2027 (15%),0.15,2027-03-31,300347089152.0,17973574850.0,60,16.71048145171855
RLCO,PT Abadi Lestari Indonesia Tbk,0.1373,12500000000000,2027 (15%),0.15,2027-03-31,158749999999.99988,3540673250.0,60,44.836105675664896
SMMT,Golden Eagle Energy Tbk,0.1161,11987500000000,"2027 (12,5%) lalu 2028 (15%)",0.125,2027-03-31,106688750000.00006,1239433416.6666667,60,86.0786457468033
POLU,PT Golden Flower Tbk,0.11458,11981250000000,"2027 (12,5%) lalu 2028 (15%)",0.125,2027-03-31,124844624999.99998,271558916.6666667,60,459.7331088680264
TSPC,Tempo Scan Pacific Tbk,0.088,11906041752000,"2027 (12,5%) lalu 2028 (15%)",0.125,2027-03-31,440523544824.00006,1680224350.0,60,262.18138358963796
IBST,Inti Bangun Sejahtera Tbk,0.0004,11448919256325,"2027 (12,5%) lalu 2028 (15%)",0.125,2027-03-31,1426535339338.095,0.0,60,
TRIO,Trikomsel Oke Tbk,0.0634,11079192718770,"2027 (12,5%) lalu 2028 (15%)",0.125,2027-03-31,682478271476.232,0.0,60,
PRAY,PT Famon Awal Bros Sedaya Tbk,0.0818,10748755171000,"2027 (12,5%) lalu 2028 (15%)",0.125,2027-03-31,464346223387.2,36643141.666666664,60,12672.118226412993
YUPI,PT Yupi Indo Jelly Gum Tbk,0.1,10723333318500,"2027 (12,5%) lalu 2028 (15%)",0.125,2027-03-31,268083332962.49994,197364633.33333334,60,1358.3149545832168
ADMF,Adira Dinamika Multi Finance Tbk,0.05789,10720591970575,"2027 (12,5%) lalu 2028 (15%)",0.125,2027-03-31,719458927145.2883,486483166.6666667,60,1478.8978867962646
SCMA,Surya Citra Media Tbk,0.1231,10615305447760,"2027 (12,5%) lalu 2028 (15%)",0.125,2027-03-31,20169080350.743988,10259673330.0,60,1.9658598965103686
AGII,PT Samator Indo Gas Tbk,0.0755,10365310800000,"2027 (12,5%) lalu 2028 (15%)",0.125,2027-03-31,513082884600.0,1159517800.0,60,442.49677288265866
EDGE,PT Indointernet Tbk,0.0755,9676997500000,"2027 (12,5%) lalu 2028 (15%)",0.125,2027-03-31,479011376250.0,0.0,60,
PLIN,Plaza Indonesia Realty Tbk,0.0299,8910500000000,"2027 (12,5%) lalu 2028 (15%)",0.125,2027-03-31,847388550000.0,0.0,60,
DUTI,Duta Pertiwi Tbk,0.0059,8880000000000,"2027 (12,5%) lalu 2028 (15%)",0.125,2027-03-31,1057608000000.0,9806483.333333334,60,107847.83536062026
SIMP,Salim Ivomas Pratama Tbk,0.146,8835746700000,2027 (15%),0.15,2027-03-31,35342986800.00003,7022480191.666667,60,5.032835385130786
BMAS,PT Bank Maspion Indonesia Tbk.,0.1397,8566541855040,2027 (15%),0.15,2027-03-31,88235381106.91203,179847395.0,60,490.6125057130354
WIKA,PT Wijaya Karya (Persero) Tbk,0.09884,8134105027032,"2027 (12,5%) lalu 2028 (15%)",0.125,2027-03-31,212788187507.15714,0.0,60,
BBMD,PT Bank Mestika Dharma Tbk.,0.09025,8078132254500,"2027 (12,5%) lalu 2028 (15%)",0.125,2027-03-31,280715095843.875,18876700.0,60,14870.98358525987
INPP,Indonesian Paradise Property Tbk,0.0897,7771470353740,"2027 (12,5%) lalu 2028 (15%)",0.125,2027-03-31,274332903487.02197,256302216.66666666,60,1070.3493206373828
SGRO,PT Prime Agri Resources Tbk,0.01301,7656398620000,"2027 (12,5%) lalu 2028 (15%)",0.125,2027-03-31,857440081453.8,290676275.0,60,2949.811027590057
TLDN,PT Teladan Prima Agro Tbk,0.07673,7508987516000,"2027 (12,5%) lalu 2028 (15%)",0.125,2027-03-31,362458827397.31995,874003925.0,60,414.710754756988
CNMA,PT Nusantara Sejahtera Raya Tbk,0.08121,7417705000000,"2027 (12,5%) lalu 2028 (15%)",0.125,2027-03-31,324821301949.99994,,,
EPMT,Enseval Putera Megatrading Tbk,0.076,7150809600000,"2027 (12,5%) lalu 2028 (15%)",0.125,2027-03-31,350389670400.0,,,
ABMM,ABM Investama Tbk,0.14992,7048102400000,2027 (15%),0.15,2027-03-31,563848191.999977,,,
SMCB,PT Solusi Bangun Indonesia Tbk,0.01317,6990021029075,"2027 (12,5%) lalu 2028 (15%)",0.125,2027-03-31,781694051681.4573,,,
BSWD,Bank of India Indonesia Tbk,0.0904,6774419518335,"2027 (12,5%) lalu 2028 (15%)",0.125,2027-03-31,234394915334.39105,,,
VICI,PT Victoria Care Indonesia Tbk,0.1465,6607380000000,2027 (15%),0.15,2027-03-31,23125830000.00002,,,
GMFI,PT Garuda Maintenance Facility Aero Asia Tbk,0.06795,6366598180134,"2027 (12,5%) lalu 2028 (15%)",0.125,2027-03-31,363214426176.6447,,,
MDIA,PT Intermedia Capital Tbk,0.12543,6196055067200,2027 (15%),0.15,2027-03-31,152237073001.10388,,,
OMED,PT Jayamas Medica Industri Tbk,0.1466,5790593900000,2027 (15%),0.15,2027-03-31,19688019259.99992,,,
DMND,PT Diamond Food Indonesia Tbk,0.08,5681015400000,"2027 (12,5%) lalu 2028 (15%)",0.125,2027-03-31,255645693000.0,,,
ANJT,PT Austindo Nusantara Jaya Tbk.,0.04083,5198971250000,"2027 (12,5%) lalu 2028 (15%)",0.125,2027-03-31,437597410112.5,,,
HATM,PT Habco Trans Maritima Tbk,0.1339,5172600000000,2027 (15%),0.15,2027-03-31,83278860000.00002,,,
MSJA,PT Multi Spunindo Jaya Tbk,0.08171,4941176436000,2029 (15%),0.15,2029-03-31,337432938814.43994,,,
SURE,PT Super Energy Tbk,0.0773,4582584919260,2029 (15%),0.15,2029-03-31,333153923630.202,,,
UANG,PT Pakuan Tbk,0.1393,4561700000000,2029 (15%),0.15,2029-03-31,48810189999.99994,,,
BPII,PT Batavia Prosperindo Internasional Tbk.,0.1012,4507173877440,2029 (15%),0.15,2029-03-31,219950085219.072,,,
LINK,PT Link Net Tbk,0.0758,4495216909880,2029 (15%),0.15,2029-03-31,333545094713.09595,,,
TGKA,Tigaraksa Satria Tbk,0.0881,4445504910000,2029 (15%),0.15,2029-03-31,275176753929.0,,,
PALM,PT Provident Investasi Bersama Tbk,0.08552,4342273350408,2029 (15%),0.15,2029-03-31,279989785634.3078,,,
TFCO,Tifico Fiber Indonesia Tbk,0.1418,4268422614000,2029 (15%),0.15,2029-03-31,35001065434.799934,,,
META,Nusantara Infrastructure Tbk,0.0068,4215148550172,2029 (15%),0.15,2029-03-31,603609272384.6304,,,
MSTI,PT Mastersystem Infotama Tbk,0.14997,4206817708000,2029 (15%),0.15,2029-03-31,126204531.24000946,,,
GGRP,PT Gunung Raja Paksi Tbk,0.13493,4117867893380,2029 (15%),0.15,2029-03-31,62056269153.2366,,,
AMAR,PT Bank Amar Indonesia Tbk.,0.08594,4112586129760,2029 (15%),0.15,2029-03-31,263452267472.42557,,,
PBID,PT Panca Budi Idaman Tbk,0.1387,3900000000000,2029 (15%),0.15,2029-03-31,44070000000.000015,,,
NOBU,PT Bank Nationalnobu Tbk,0.141,3886921216500,2029 (15%),0.15,2029-03-31,34982290948.50003,,,
CASS,Cahaya Aero Services Tbk,0.11635,3714771000000,2029 (15%),0.15,2029-03-31,125002044150.0,,,
PSGO,PT Palma Serasih Tbk,0.1312,3600350000000,2029 (15%),0.15,2029-03-31,67686579999.99994,,,
ROTI,PT Nippon Indosari Corpindo Tbk,0.076,3526298666160,2029 (15%),0.15,2029-03-31,260946101295.84,,,
IMAS,Indomobil Sukses Internasional Tbk,0.1209,3415118838345,2029 (15%),0.15,2029-03-31,99379958195.83951,,,
KEJU,PT Mulia Boga Raya Tbk,0.1065,3346874999405,2029 (15%),0.15,2029-03-31,145589062474.1175,,,
AGRO,PT Bank Raya Indonesia Tbk,0.12846,3282074490944,2029 (15%),0.15,2029-03-31,70695884534.93378,,,
GOLF,PT Intra GolfLink Resorts Tbk,0.1151,3254288920000,2029 (15%),0.15,2029-03-31,113574683308.0,,,
NEST,PT Esta Indonesia Tbk,0.1449,3125500000000,2029 (15%),0.15,2029-03-31,15940049999.999979,,,
JSPT,Jakarta Setiabudi Internasional Tbk,0.0923,3118699920000,2029 (15%),0.15,2029-03-31,179948985384.0,,,
SKRN,PT Superkrane Mitra Utama Tbk,0.0904,3090000000000,2029 (15%),0.15,2029-03-31,184164000000.0,,,
ABDA,Asuransi Bina Dana Arta Tbk,0.1325,3054368865600,2029 (15%),0.15,2029-03-31,53451455147.99996,,,
FISH,FKS Multi Agro Tbk,0.1054,3000000000000,2029 (15%),0.15,2029-03-31,133800000000.0,,,
SDRA,PT Bank Woori Saudara Indonesia 1906 Tbk,0.0923,2938144133980,2029 (15%),0.15,2029-03-31,169530916530.646,,,
MAPB,PT MAP Boga Adiperkasa Tbk,0.0788,2865507480000,2029 (15%),0.15,2029-03-31,204024132576.0,,,
CENT,PT Centratama Telekomunikasi Indonesia Tbk.,0.07831,2837695305900,2029 (15%),0.15,2029-03-31,203434376479.97098,,,
PNGO,PT Pinago Utama Tbk,0.0052,2835937500000,2029 (15%),0.15,2029-03-31,410643749999.99994,,,
BNBA,Bank Bumi Arta Tbk,0.0832,2834231400000,2029 (15%),0.15,2029-03-31,189326657520.0,,,
JAWA,Jaya Agra Wattie Tbk,0.075,2743368861298,2029 (15%),0.15,2029-03-31,205752664597.35,,,
BUKK,Bukaka Teknik Utama Tbk,0.10081,2680058780000,2029 (15%),0.15,2029-03-31,131832091388.2,,,
IFSH,PT Ifishdeco Tbk,0.1015,2656250000000,2029 (15%),0.15,2029-03-31,128828124999.99997,,,
DAYA,PT Duta Intidaya Tbk.,0.08697,2650498992375,2029 (15%),0.15,2029-03-31,167060951489.3962,,,
FPNI,PT Lotte Chemical Titan Tbk,0.075,2649613064000,2029 (15%),0.15,2029-03-31,198720979800.0,,,
AGRS,PT Bank IBK Indonesia Tbk.,0.0851,2605188183070,2029 (15%),0.15,2029-03-31,169076713081.243,,,
LPCK,Lippo Cikarang Tbk,0.11,2567342846000,2029 (15%),0.15,2029-03-31,102693713839.99998,,,
TOTO,Surya Toto Indonesia Tbk,0.0776,2476800000000,2029 (15%),0.15,2029-03-31,179320319999.99997,,,
CTBN,Citra Tubindo Tbk,0.1132,2441133075000,2029 (15%),0.15,2029-03-31,89833697160.0,,,
BCIC,PT Bank JTrust Indonesia Tbk.,0.149,2348315306371,2029 (15%),0.15,2029-03-31,2348315306.371002,,,
SMDM,Suryamas Dutamakmur Tbk,0.01027,2328803459656,2029 (15%),0.15,2029-03-31,325403707417.73285,,,
KAEF,Kimia Farma Tbk,0.1018,2271168588216,2029 (15%),0.15,2029-03-31,109470325952.01118,,,
PTSN,Sat Nusapersada Tbk,0.1,2072594160000,2029 (15%),0.15,2029-03-31,103629707999.99997,,,
MBAP,PT Mitrabara Adiperdana Tbk,0.09702,2061816879360,2029 (15%),0.15,2029-03-31,109235058268.4928,,,
KMTR,PT Kirana Megatara Tbk,0.075,2053841594750,2029 (15%),0.15,2029-03-31,154038119606.25,,,
MMLP,PT Mega Manunggal Property Tbk,0.08563,2039183843968,2029 (15%),0.15,2029-03-31,131262264036.22015,,,
NICE,PT Adhi Kartiko Pratama Tbk,0.1038,2007066600000,2029 (15%),0.15,2029-03-31,92726476919.99998,,,
DNAR,PT Bank Oke Indonesia Tbk,0.0949,2006626942200,2029 (15%),0.15,2029-03-31,110565144515.21999,,,
SONA,Sona Topas Tourism Industry Tbk,0.0752,1973952000000,2029 (15%),0.15,2029-03-31,147651609599.99997,,,
AMAG,Asuransi Multi Artha Guna Tbk,0.11121,1940602376208,2029 (15%),0.15,2029-03-31,75275966173.1083,,,
LPGI,Lippo General Insurance Tbk,0.0754,1935000000000,2029 (15%),0.15,2029-03-31,144351000000.0,,,
INDR,PT Indo-Rama Synthetics Tbk,0.0772,1930337535650,2029 (15%),0.15,2029-03-31,140528572595.31998,,,
KINO,PT Kino Indonesia Tbk,0.1265,1921428667500,2029 (15%),0.15,2029-03-31,45153573686.249985,,,
BABP,PT Bank MNC Internasional Tbk.,0.1267,1892616324418,2029 (15%),0.15,2029-03-31,44097960358.93938,,,
DGWG,PT Delta Giri Wacana Tbk,0.1491,1847058842000,2029 (15%),0.15,2029-03-31,1662352957.7999706,,,
BOLT,PT Garuda Metalindo Tbk.,0.1377,1828125000000,2029 (15%),0.15,2029-03-31,22485937500.00001,,,
IMJS,PT Indomobil Multi Jasa Tbk,0.0803,1822676100000,2029 (15%),0.15,2029-03-31,127040524170.0,,,
PMJS,PT Putra Mandiri Jembar Tbk,0.0896,1815739200000,2029 (15%),0.15,2029-03-31,109670647679.99998,,,
NETV,PT MDTV Media Technologies Tbk,0.1195,1778502262046,2029 (15%),0.15,2029-03-31,54244318992.403,,,
DVLA,Darya-Varia Laboratoria Tbk,0.0788,1769600000000,2029 (15%),0.15,2029-03-31,125995520000.0,,,
BLTZ,PT Graha Layar Prima Tbk.,0.09,1747874284000,2029 (15%),0.15,2029-03-31,104872457040.0,,,
BLES,PT Superior Prima Sukses Tbk,0.07705,1698029422400,2029 (15%),0.15,2029-03-31,123871246364.08,,,
MERK,Merck Tbk,0.1335,1697920000000,2029 (15%),0.15,2029-03-31,28015679999.999977,,,
PNBS,PT Bank Panin Dubai Syariah Tbk,0.076,1652296710958,2029 (15%),0.15,2029-03-31,122269956610.892,,,
CSAP,Catur Sentosa Adiprana Tbk,0.10655,1602655392582,2029 (15%),0.15,2029-03-31,69635376807.68788,,,
BKSW,PT Bank QNB Indonesia Tbk,0.0843,1601097522526,2029 (15%),0.15,2029-03-31,105192107229.95819,,,
ACST,PT Acset Indonusa Tbk.,0.0883,1590764400000,2029 (15%),0.15,2029-03-31,98150163479.99998,,,
INDS,Indospring Tbk,0.1148,1588124298200,2029 (15%),0.15,2029-03-31,55901975296.63999,,,
FMII,Fortune Mate Indonesia Tbk,0.1175,1587200000000,2029 (15%),0.15,2029-03-31,51584000000.0,,,
DEPO,PT Caturkarda Depo Bangunan Tbk,0.0751,1520960000000,2029 (15%),0.15,2029-03-31,113919903999.99998,,,
IPCM,PT Jasa Armada Indonesia Tbk,0.123,1500886352400,2029 (15%),0.15,2029-03-31,40523931514.799995,,,
SIPD,PT Sreeya Sewu Indonesia Tbk,0.0922,1471281644800,2029 (15%),0.15,2029-03-31,85040079069.43999,,,
BKDP,Bukit Darmo Property Tbk,0.1459,1382574574368,2029 (15%),0.15,2029-03-31,5668555754.90879,,,
AMFG,Asahimas Flat Glass Tbk,0.1384,1380120000000,2029 (15%),0.15,2029-03-31,16009391999.999998,,,
HERO,Hero Supermarket Tbk,0.0971,1330395612000,2029 (15%),0.15,2029-03-31,70377927874.79999,,,
CEKA,PT Wilmar Cahaya Indonesia Tbk.,0.14,1320900000000,2029 (15%),0.15,2029-03-31,13208999999.999975,,,
BLUE,PT Berkah Prima Perkasa Tbk,0.1197,1254000000000,2029 (15%),0.15,2029-03-31,37996199999.99999,,,
ADCP,PT Adhi Commuter Properti Tbk,0.1,1111111110000,2029 (15%),0.15,2029-03-31,55555555499.999985,,,
SOSS,PT Shield On Service Tbk,0.0114,1081723574730,2029 (15%),0.15,2029-03-31,149926887457.578,,,
MINE,PT Sinar Terang Mandiri Tbk,0.1298,1078290919200,2029 (15%),0.15,2029-03-31,21781476567.839996,,,
TIFA,KDB Tifa Finance Tbk,0.07505,1072768326000,2029 (15%),0.15,2029-03-31,80403986033.69998,,,
URBN,PT Urban Jakarta Propertindo Tbk,0.1306,989029527840,2029 (15%),0.15,2029-03-31,19187172840.096,,,
PTPW,PT Pratama Widya Tbk,0.0958,987960937500,2029 (15%),0.15,2029-03-31,53547482812.5,,,
MFMI,Multifiling Mitra Indonesia Tbk,0.0065,984855300000,2029 (15%),0.15,2029-03-31,141326735550.0,,,
RSGK,PT Kedoya Adyaraya Tbk,0.0956,980807125000,2029 (15%),0.15,2029-03-31,53355907599.99999,,,
MOLI,PT Madusari Murni Indah Tbk,0.0927,980653169160,2029 (15%),0.15,2029-03-31,56191426592.86799,,,
WOMF,PT Wahana Ottomitra Multiartha Tbk,0.075,946962962560,2029 (15%),0.15,2029-03-31,71022222192.0,,,
RELI,Reliance Sekuritas Indonesia Tbk,0.14449,936000000000,2029 (15%),0.15,2029-03-31,5157359999.999988,,,
ADMG,Polychem Indonesia Tbk,0.14,925624735042,2029 (15%),0.15,2029-03-31,9256247350.419983,,,
CAMP,PT Campina Ice Cream Industry Tbk.,0.0948,912175000000,2029 (15%),0.15,2029-03-31,50352060000.0,,,
GHON,PT Gihon Telekomunikasi Indonesia Tbk,0.13268,893750000000,2029 (15%),0.15,2029-03-31,15479750000.000002,,,
TBMS,Tembaga Mulia Semanan Tbk,0.1372,888962800000,2029 (15%),0.15,2029-03-31,11378723840.000006,,,
RANC,Supra Boga Lestari Tbk,0.1177,876113000000,2029 (15%),0.15,2029-03-31,28298449899.999996,,,
KING,PT Hoffmen Cleanindo Tbk,0.088,874558329120,2029 (15%),0.15,2029-03-31,54222616405.44,,,
TALF,PT Tunas Alfin Tbk,0.08164,872965575000,2029 (15%),0.15,2029-03-31,59675926706.99999,,,
SHID,Hotel Sahid Jaya Tbk,0.14925,861881149360,2029 (15%),0.15,2029-03-31,646410862.0200006,,,
SPMA,Suparma Tbk,0.1469,858196023685,2029 (15%),0.15,2029-03-31,2660407673.423493,,,
BBRM,Pelayaran Nasional Bina Buana Raya Tbk,0.08943,856428523128,2029 (15%),0.15,2029-03-31,51873875645.86296,,,
HITS,Humpuss Intermoda Transportasi Tbk,0.0619,823725836916,2029 (15%),0.15,2029-03-31,72570246232.29959,,,
INRU,Toba Pulp Lestari Tbk,0.0746,819441136970,2029 (15%),0.15,2029-03-31,61785861727.537994,,,
AMOR,PT Ashmore Asset Management Indonesia Tbk.,0.0818,786666729600,2029 (15%),0.15,2029-03-31,53650670958.72,,,
MTWI,PT Malacca Trust Wuwungan Insurance Tbk,0.0773,760366526140,2029 (15%),0.15,2029-03-31,55278646450.378,,,
YPAS,Yanaprima Hastapersada Tbk,0.1018,754840100570,2029 (15%),0.15,2029-03-31,36383292847.47399,,,
INDO,PT Royalindo Investa Wijaya Tbk,0.1235,752764595184,2029 (15%),0.15,2029-03-31,19948261772.375996,,,
AMAN,PT Makmur Berkah Amanda Tbk.,0.1097,747585500000,2029 (15%),0.15,2029-03-31,30127695649.999992,,,
CMPP,PT AirAsia Indonesia Tbk,0.0759,737273586429,2029 (15%),0.15,2029-03-31,54631972754.3889,,,
IPOL,Indopoly Swakarsa Industry Tbk,0.1344,728101884517,2029 (15%),0.15,2029-03-31,11358389398.465202,,,
PJAA,Pembangunan Jaya Ancol Tbk,0.0999,723199998192,2029 (15%),0.15,2029-03-31,36232319909.4192,,,
IKBI,Sumi Indo Kabel Tbk,0.0804,660960000000,2029 (15%),0.15,2029-03-31,46002816000.0,,,
BELL,PT Trisula Textile Industries Tbk,0.1328,659750000000,2029 (15%),0.15,2029-03-31,11347699999.999996,,,
BPFI,PT Woori Finance Indonesia Tbk,0.1019,631062905432,2029 (15%),0.15,2029-03-31,30354125751.279194,,,
RODA,Pikko Land Development Tbk,0.14197,611645769405,2029 (15%),0.15,2029-03-31,4911515528.322139,,,
CASH,PT Cashlez Worldwide Indonesia Tbk.,0.14139,572961322976,2029 (15%),0.15,2029-03-31,4933196990.823363,,,
HDFA,Radana Bhaskara Finance Tbk,0.0762,562650337338,2029 (15%),0.15,2029-03-31,41523594895.544395,,,
JECC,Jembo Cable Company Tbk,0.09873,536760000000,2029 (15%),0.15,2029-03-31,27519685199.999996,,,
AWAN,PT Era Digital Media Tbk,0.11731,532425000000,2029 (15%),0.15,2029-03-31,17404973250.0,,,
BABY,PT Multitrend Indo Tbk.,0.07569,522433264506,2029 (15%),0.15,2029-03-31,38822015885.44086,,,
SMKL,PT Satyamitra Kemas Lestari Tbk,0.1278,505876622920,2029 (15%),0.15,2029-03-31,11230461028.824,,,
IDPR,PT Indonesia Pondasi Raya Tbk,0.10961,496744000000,2029 (15%),0.15,2029-03-31,20063490159.999996,,,
BBSS,PT Bumi Benowo Sukses Sejahtera Tbk,0.10481,480001602000,2029 (15%),0.15,2029-03-31,21691272394.379997,,,
SURI,PT Maja Agung Latexindo Tbk,0.1424,475078125000,2029 (15%),0.15,2029-03-31,3610593749.999998,,,
NIKL,Pelat Timah Nusantara Tbk,0.146,471866450000,2029 (15%),0.15,2029-03-31,1887465800.0000017,,,
DART,Duta Anggada Realty Tbk,0.0841,455501689490,2029 (15%),0.15,2029-03-31,30017561337.391,,,
HYGN,PT Ecocare Indo Pasifik Tbk,0.1263,454500000000,2029 (15%),0.15,2029-03-31,10771650000.0,,,
NELY,Pelayaran Nelly Dwi Putri Tbk,0.08144,453550000000,2029 (15%),0.15,2029-03-31,31095388000.0,,,
SAFE,Steady Safe Tbk,0.0807,439346018920,2029 (15%),0.15,2029-03-31,30446679111.156002,,,
VRNA,PT Mizuho Leasing Indonesia Tbk,0.075,437926257769,2029 (15%),0.15,2029-03-31,32844469332.675,,,
IGAR,Champion Pacific Indonesia Tbk,0.1112,437912443200,2029 (15%),0.15,2029-03-31,16991002796.16,,,
CCSI,PT Communication Cable Systems Indonesia Tbk.,0.0964,431999999244,2029 (15%),0.15,2029-03-31,23155199959.478397,,,
ENAK,PT Champ Resto Indonesia Tbk,0.09694,409500025200,2029 (15%),0.15,2029-03-31,21728071337.112,,,
UFOE,PT Damai Sejahtera Abadi Tbk,0.146,408654898713,2029 (15%),0.15,2029-03-31,1634619594.8520014,,,
INAF,Indofarma Tbk,0.05594,390507705000,2029 (15%),0.15,2029-03-31,36731154732.3,,,
KOBX,Kobexindo Tractors Tbk,0.1055,386325000000,2029 (15%),0.15,2029-03-31,17191462500.0,,,
PNSE,Pudjiadi & Sons Tbk,0.0828,382950478080,2029 (15%),0.15,2029-03-31,25734272126.975998,,,
HALO,PT Haloni Jane Tbk,0.1238,376881205254,2029 (15%),0.15,2029-03-31,9874287577.6548,,,
APLI,Asiaplast Industries Tbk,0.127,370646620800,2029 (15%),0.15,2029-03-31,8524872278.399998,,,
GOLD,PT Visi Telekomunikasi Infrastruktur Tbk,0.10473,347419072000,2029 (15%),0.15,2029-03-31,15727661389.439997,,,
ESTA,PT Esta Multi Usaha Tbk,0.0924,337124230881,2029 (15%),0.15,2029-03-31,19418355698.745598,,,
GTBO,Garda Tujuh Buana Tbk,0.0762,332500000000,2029 (15%),0.15,2029-03-31,24538499999.999996,,,
MYTX,PT Asia Pacific Investama Tbk,0.0833,317638559909,2029 (15%),0.15,2029-03-31,21186491945.930298,,,
KIAS,Keramika Indonesia Assosiasi Tbk,0.0796,313511100000,2029 (15%),0.15,2029-03-31,22071181439.999996,,,
WICO,Wicaksana Overseas International Tbk,0.04496,294426372804,2029 (15%),0.15,2029-03-31,30926546199.332157,,,
ESTI,Ever Shine Textile Industry Tbk,0.0879,290190055680,2029 (15%),0.15,2029-03-31,18020802457.727997,,,
ALMI,Alumindo Light Metal Industry Tbk,0.0887,282384000000,2029 (15%),0.15,2029-03-31,17310139200.0,,,
SAPX,PT Satria Antaran Prima Tbk,0.0894,274999989000,2029 (15%),0.15,2029-03-31,16664999333.4,,,
AKSI,PT Mineral Sumberdaya Mandiri Tbk,0.0754,269280000000,2029 (15%),0.15,2029-03-31,20088288000.0,,,
HRME,PT Menteng Heritage Realty Tbk,0.14605,250267500000,2029 (15%),0.15,2029-03-31,988556624.9999954,,,
COWL,Cowell Development Tbk,0.0641,243560701050,2029 (15%),0.15,2029-03-31,20921864220.194996,,,
INTD,Inter-Delta Tbk,0.1275,242649480000,2029 (15%),0.15,2029-03-31,5459613299.999998,,,
BPTR,PT Batavia Prosperindo Trans Tbk.,0.1015,240312000000,2029 (15%),0.15,2029-03-31,11655131999.999996,,,
BINO,PT Perma Plasindo Tbk,0.0657,236632875544,2029 (15%),0.15,2029-03-31,19948151408.3592,,,
HELI,PT Jaya Trishindo Tbk,0.1456,208215596750,2029 (15%),0.15,2029-03-31,916148625.6999973,,,
ERTX,Eratex Djaja Tbk,0.0781,205846366720,2029 (15%),0.15,2029-03-31,14800353767.167997,,,
ECII,PT Electronic City Indonesia Tbk,0.1266,204152949000,2029 (15%),0.15,2029-03-31,4777179006.6,,,
TRJA,PT Transkon Jaya Tbk,0.109,190285200000,2029 (15%),0.15,2029-03-31,7801693199.999999,,,
CAKK,PT Cahayaputra Asa Keramik Tbk.,0.11357,188918134383,2029 (15%),0.15,2029-03-31,6882287635.572688,,,
IPAC,PT Era Graharealty Tbk,0.09402,179525146500,2029 (15%),0.15,2029-03-31,10049817701.069998,,,
GLOB,PT Globe Kita Terang Tbk,0.1031,172222360000,2029 (15%),0.15,2029-03-31,8077228684.0,,,
LMPI,Langgeng Makmur Industri Tbk,0.12864,162371344709,2029 (15%),0.15,2029-03-31,3468251922.9842386,,,
PSDN,Prasidha Aneka Niaga Tbk,0.12179,161280000000,2029 (15%),0.15,2029-03-31,4549708800.0,,,
KLIN,PT Klinko Karya Imaji Tbk,0.0925,149058457620,2029 (15%),0.15,2029-03-31,8570861313.15,,,
FORU,Fortune Indonesia Tbk,0.1164,142358544000,2029 (15%),0.15,2029-03-31,4783247078.399999,,,
PURI,PT Puri Global Sukses Tbk,0.1473,141000000000,2029 (15%),0.15,2029-03-31,380700000.00000113,,,
KOPI,PT Mitra Energi Persada Tbk,0.1115,137361533596,2029 (15%),0.15,2029-03-31,5288419043.445999,,,
SCPI,PT Organon Pharma Indonesia Tbk,0.01213,104400000000,2029 (15%),0.15,2029-03-31,14393628000.0,,,
MSKY,MNC Sky Vision Tbk,0.081,91741042080,2029 (15%),0.15,2029-03-31,6330131903.5199995,,,
BATA,Sepatu Bata Tbk,0.12466,76700000000,2029 (15%),0.15,2029-03-31,1943577999.999999,,,
KOIN,Kokoh Inti Arebama Tbk,0.0938,76505811096,2029 (15%),0.15,2029-03-31,4299626583.5952,,,
OCAP,Onix Capital Tbk,0.11615,43438800000,2029 (15%),0.15,2029-03-31,1470403379.9999995,,,
