symbol,buy,hold,sell,strong_buy,strong_sell,jumlah_rekomendasi,diperbarui,tahun_proyeksi,proyeksi_pertumbuhan_eps,proyeksi_pertumbuhan_pendapatan
ADRO,35,2,2,0,0,39,2026-09-01,2026,0.74910870763341,1.04393217217246
AMMN,29,1,0,0,0,30,2026-09-02,,,
INCO,63,3,0,0,0,66,2026-08-31,2026,0.899607243448528,0.104851758840304
ITMG,28,22,2,0,0,52,2026-08-31,2026,0.420811291885849,0.055285929604651
MDKA,40,2,0,0,0,42,2026-08-31,2026,3.42611394603342,0.598782318788326
NCKL,32,0,0,0,0,32,2026-08-31,2026,0.0375318647756779,0.0984450034571152
PTBA,23,18,5,0,0,46,2026-08-31,2026,0.363507683407216,-0.0736599533467862
ANTM,68,2,0,0,0,70,2026-09-01,2026,-0.462737204556714,-0.30271385492566
BUMI,2,0,0,0,0,2,2026-08-11,,,
