symbol,komoditas,periode,n_bulan,korelasi_bulanan,kategori,korelasi_kuartalan,total_return_saham,perubahan_komoditas,arah_tahunan
PTBA,"Coal, Australian",2023-01..2026-08,43,0.30,sedang,0.48,0.2817,-0.5748,2023: saham -7% vs -55% searah; 2024: saham +31% vs -8% BERLAWANAN; 2025: saham -4% vs -17% searah; 2026 s.d. 08: saham +10% vs +26% searah
PTBA,"Coal, South African",2023-01..2026-08,43,0.18,lemah,-0.25,0.2817,-0.4372,2023: saham -7% vs -37% searah; 2024: saham +31% vs -3% BERLAWANAN; 2025: saham -4% vs -14% searah; 2026 s.d. 08: saham +10% vs +6% searah
ITMG,"Coal, Australian",2023-01..2026-08,43,0.43,sedang,0.75,0.1217,-0.5748,2023: saham -14% vs -55% searah; 2024: saham +24% vs -8% BERLAWANAN; 2025: saham -8% vs -17% searah; 2026 s.d. 08: saham +15% vs +26% searah
ITMG,"Coal, South African",2023-01..2026-08,43,0.30,sedang,0.43,0.1217,-0.4372,2023: saham -14% vs -37% searah; 2024: saham +24% vs -3% BERLAWANAN; 2025: saham -8% vs -14% searah; 2026 s.d. 08: saham +15% vs +6% searah
ADRO,"Coal, Australian",2023-01..2026-08,43,0.57,sedang,0.67,0.9119,-0.5748,2023: saham -11% vs -55% searah; 2024: saham +72% vs -8% BERLAWANAN; 2025: saham -16% vs -17% searah; 2026 s.d. 08: saham +50% vs +26% searah
ADRO,"Coal, South African",2023-01..2026-08,43,0.28,lemah,0.31,0.9119,-0.4372,2023: saham -11% vs -37% searah; 2024: saham +72% vs -3% BERLAWANAN; 2025: saham -16% vs -14% searah; 2026 s.d. 08: saham +50% vs +6% searah
BUMI,"Coal, Australian",2023-01..2026-08,43,0.09,lemah,0.27,0.2174,-0.5748,2023: saham -40% vs -55% searah; 2024: saham +46% vs -8% BERLAWANAN; 2025: saham +140% vs -17% BERLAWANAN; 2026 s.d. 08: saham -42% vs +26% BERLAWANAN
BUMI,"Coal, South African",2023-01..2026-08,43,0.04,lemah,0.03,0.2174,-0.4372,2023: saham -40% vs -37% searah; 2024: saham +46% vs -3% BERLAWANAN; 2025: saham +140% vs -14% BERLAWANAN; 2026 s.d. 08: saham -42% vs +6% BERLAWANAN
HRUM,"Coal, Australian",2023-01..2026-08,43,0.19,lemah,0.39,-0.4734,-0.5748,2023: saham -21% vs -55% searah; 2024: saham -18% vs -8% searah; 2025: saham -6% vs -17% searah; 2026 s.d. 08: saham -14% vs +26% BERLAWANAN
HRUM,"Coal, South African",2023-01..2026-08,43,0.16,lemah,-0.02,-0.4734,-0.4372,2023: saham -21% vs -37% searah; 2024: saham -18% vs -3% searah; 2025: saham -6% vs -14% searah; 2026 s.d. 08: saham -14% vs +6% BERLAWANAN
INDY,"Coal, Australian",2023-01..2026-08,43,0.19,lemah,0.39,0.2222,-0.5748,2023: saham -37% vs -55% searah; 2024: saham +4% vs -8% BERLAWANAN; 2025: saham +50% vs -17% BERLAWANAN; 2026 s.d. 08: saham +25% vs +26% searah
INDY,"Coal, South African",2023-01..2026-08,43,0.14,lemah,-0.01,0.2222,-0.4372,2023: saham -37% vs -37% searah; 2024: saham +4% vs -3% BERLAWANAN; 2025: saham +50% vs -14% BERLAWANAN; 2026 s.d. 08: saham +25% vs +6% searah
BSSR,"Coal, Australian",2023-01..2026-08,43,0.30,sedang,0.29,0.9553,-0.5748,2023: saham +10% vs -55% BERLAWANAN; 2024: saham +32% vs -8% BERLAWANAN; 2025: saham +3% vs -17% BERLAWANAN; 2026 s.d. 08: saham +31% vs +26% searah
BSSR,"Coal, South African",2023-01..2026-08,43,0.27,lemah,0.27,0.9553,-0.4372,2023: saham +10% vs -37% BERLAWANAN; 2024: saham +32% vs -3% BERLAWANAN; 2025: saham +3% vs -14% BERLAWANAN; 2026 s.d. 08: saham +31% vs +6% searah
BYAN,"Coal, Australian",2023-01..2026-08,43,0.11,lemah,-0.60,-0.2751,-0.5748,2023: saham -4% vs -55% searah; 2024: saham +7% vs -8% BERLAWANAN; 2025: saham -15% vs -17% searah; 2026 s.d. 08: saham -17% vs +26% BERLAWANAN
BYAN,"Coal, South African",2023-01..2026-08,43,0.10,lemah,-0.11,-0.2751,-0.4372,2023: saham -4% vs -37% searah; 2024: saham +7% vs -3% BERLAWANAN; 2025: saham -15% vs -14% searah; 2026 s.d. 08: saham -17% vs +6% BERLAWANAN
AADI,"Coal, Australian",2023-01..2026-08,20,0.48,sedang,,,-0.5748,2025: saham -10% vs -17% searah; 2026 s.d. 08: saham +33% vs +26% searah
AADI,"Coal, South African",2023-01..2026-08,20,0.43,sedang,,,-0.4372,2025: saham -10% vs -14% searah; 2026 s.d. 08: saham +33% vs +6% searah
NCKL,Nickel,2023-01..2026-08,40,0.40,sedang,0.25,,-0.4059,2024: saham -20% vs -6% searah; 2025: saham +36% vs -4% BERLAWANAN; 2026 s.d. 08: saham -4% vs +13% BERLAWANAN
INCO,Nickel,2023-01..2026-08,43,0.63,cukup kuat,0.67,-0.2623,-0.4059,2023: saham -41% vs -42% searah; 2024: saham -14% vs -6% searah; 2025: saham +16% vs -4% BERLAWANAN; 2026 s.d. 08: saham +26% vs +13% searah
MBMA,Nickel,2023-01..2026-08,40,0.25,lemah,0.36,,-0.4059,2024: saham -10% vs -6% searah; 2025: saham +10% vs -4% BERLAWANAN; 2026 s.d. 08: saham -1% vs +13% BERLAWANAN
ANTM,Nickel,2023-01..2026-08,43,0.45,sedang,0.27,0.7985,-0.4059,2023: saham -20% vs -42% searah; 2024: saham -3% vs -6% searah; 2025: saham +111% vs -4% BERLAWANAN; 2026 s.d. 08: saham +9% vs +13% searah
ANTM,Gold,2023-01..2026-08,43,0.49,sedang,0.51,0.7985,1.3240,2023: saham -20% vs +7% BERLAWANAN; 2024: saham -3% vs +31% BERLAWANAN; 2025: saham +111% vs +63% searah; 2026 s.d. 08: saham +9% vs +2% searah
MDKA,Gold,2023-01..2026-08,43,0.40,sedang,0.46,-0.3579,1.3240,2023: saham -45% vs +7% BERLAWANAN; 2024: saham -28% vs +31% BERLAWANAN; 2025: saham +25% vs +63% searah; 2026 s.d. 08: saham +30% vs +2% searah
MDKA,Copper,2023-01..2026-08,43,0.46,sedang,0.56,-0.3579,0.5851,2023: saham -45% vs -7% searah; 2024: saham -28% vs +6% BERLAWANAN; 2025: saham +25% vs +32% searah; 2026 s.d. 08: saham +30% vs +22% searah
AMMN,Copper,2023-01..2026-08,37,-0.07,lemah,-0.12,,0.5851,2024: saham +40% vs +6% searah; 2025: saham -29% vs +32% BERLAWANAN; 2026 s.d. 08: saham -32% vs +22% BERLAWANAN
AMMN,Gold,2023-01..2026-08,37,-0.04,lemah,-0.00,,1.3240,2024: saham +40% vs +31% searah; 2025: saham -29% vs +63% BERLAWANAN; 2026 s.d. 08: saham -32% vs +2% BERLAWANAN
TINS,Tin,2023-01..2026-08,43,0.23,lemah,0.37,2.6632,0.9672,2023: saham -45% vs -13% searah; 2024: saham +75% vs +17% searah; 2025: saham +211% vs +43% searah; 2026 s.d. 08: saham +24% vs +34% searah
PSAB,Gold,2023-01..2026-08,43,0.26,lemah,0.22,4.2166,1.3240,2023: saham -30% vs +7% BERLAWANAN; 2024: saham +222% vs +31% searah; 2025: saham +95% vs +63% searah; 2026 s.d. 08: saham +18% vs +2% searah
BRMS,Gold,2023-01..2026-08,43,0.43,sedang,0.35,2.7873,1.3240,2023: saham +5% vs +7% searah; 2024: saham +115% vs +31% searah; 2025: saham +174% vs +63% searah; 2026 s.d. 08: saham -39% vs +2% BERLAWANAN
ARCI,Gold,2023-01..2026-08,43,0.56,sedang,0.49,2.7916,1.3240,2023: saham +19% vs +7% searah; 2024: saham -38% vs +31% BERLAWANAN; 2025: saham +492% vs +63% searah; 2026 s.d. 08: saham -14% vs +2% BERLAWANAN
