symbol,tahun_buku,segmen,pendapatan_idr,porsi
AADI,2024,Coal sales,82539860241000,0.9603
AADI,2024,Logistic,2967750074000,0.0345
AADI,2024,Others,440876059000,0.0051
ADMR,2024,Mining,18634476621091,0.9993
ADMR,2024,Others,13653375908,0.0007
ADRO,2024,Sales of Coal,18611894580000,0.5542
ADRO,2024,Mining services,13713576890000,0.4083
ADRO,2024,Others,1259906703000,0.0375
AMMN,2024,Gold,23673704953000,0.5501
AMMN,2024,Copper,19362564957000,0.4499
ANTM,2024,Gold,57559299000000,0.8319
ANTM,2024,Nickel ore,5377065000000,0.0777
ANTM,2024,Ferronickel,4131365000000,0.0597
ANTM,2024,Alumina,1493274000000,0.0216
ANTM,2024,Bauxite ore,308139000000,0.0045
ANTM,2024,Purification of precious metals and other services,226730000000,0.0033
ANTM,2024,Silver,96568000000,0.0014
BUMI,2024,Coal,19345336667115,0.8806
BUMI,2024,Gold,2564811264966,0.1168
BUMI,2024,Silver,58193313180,0.0026
BYAN,2024,Coal,55338702950896,0.9939
BYAN,2024,Non-Coal,341792060882,0.0061
DSSA,2024,Coal mining and trading,44806629157175,0.9189
DSSA,2024,"Cable TV, internet and technology",2327821633055,0.0477
DSSA,2024,Trading,1454066470676,0.0298
DSSA,2024,Steam and electricity processing fee,157350017798,0.0032
DSSA,2024,Others,11529247432,0.0002
DSSA,2024,Renewable energy,1133930574,0.0000
GEMS,2024,Coal mining,43147821893407,0.9871
GEMS,2024,Coal trading,565279029381,0.0129
INCO,2024,Nickel mining and processing,15355418916000,1.0000
ITMG,2025,Coal,31319165070000,0.9919
ITMG,2025,Gain on coal swap,177266385000,0.0056
ITMG,2025,Services,77949540000,0.0025
MBMA,2024,Manufacturing,26875189168824,0.9017
MBMA,2024,Mining,2929563569995,0.0983
MDKA,2024,Nickel Project,29804752738819,0.8239
MDKA,2024,Tujuh Bukit Project,4218721212778,0.1166
MDKA,2024,Wetar Project,2146062669862,0.0593
MDKA,2024,Others,6485468271,0.0002
NCKL,2024,Nickel processing,23164020000000,0.8590
NCKL,2024,Nickel mining,3801242000000,0.1410
